id,path,question,a,b,c,d,answer1,answer2,answer3,answer4,answer5,answer
dev_3202.jpg,dev/dev_3202.jpg,사진에 보이는 음료 컵 중 플라스틱 재질인 컵은 몇 개인가요?,2개,3개,4개,5개,c,b,c,c,c,c
dev_3205.jpg,dev/dev_3205.jpg,사진에 보이는 재활용품 중 종이컵은 몇 개입니까?,1개,2개,3개,4개,b,a,a,a,b,b
dev_3208.jpg,dev/dev_3208.jpg,냉장고 안에 보이는 재활용 가능한 플라스틱 병은 몇 개입니까?,3개,5개,7개,9개,c,d,d,c,d,d
dev_3209.jpg,dev/dev_3209.jpg,사진 속 인도에 쌓여 있는 재활용품 상자의 개수는 몇 개인가요?,1개,2개,3개,4개,d,c,a,c,c,c
dev_3210.jpg,dev/dev_3210.jpg,사진에서 재활용 가능한 플라스틱 용기는 어디에 있나요?,왼쪽 에어컨 위에 있는 흰색 컵,오른쪽 스테인리스 싱크대 위에 있는 회색 용기,왼쪽 에어컨 위에 있는 큰 도자기 항아리,오른쪽 스테인리스 싱크대 위에 있는 분홍색 바구니,a,d,b,d,d,d
dev_3211.jpg,dev/dev_3211.jpg,이 사진에서 관중석 테이블 위에 보이는 재활용 가능한 플라스틱 병은 몇 개입니까?,1개,2개,3개,4개,b,d,b,b,c,b
dev_3212.jpg,dev/dev_3212.jpg,사진 속 상자 안에 들어있는 재활용품의 재질은 무엇인가요?,플라스틱,종이,스티로폼,종이팩,b,c,b,b,c,b
dev_3213.jpg,dev/dev_3213.jpg,사진에 보이는 생수 페트병은 총 몇 개입니까?,24개,30개,36개,40개,a,d,d,d,d,d
dev_3214.jpg,dev/dev_3214.jpg,자전거 바구니 안에 보이는 재활용품 중 플라스틱 병은 몇 개입니까?,1개,2개,3개,4개 이상,d,c,d,d,c,d
dev_3215.jpg,dev/dev_3215.jpg,사진 속 재활용 가능한 플라스틱 컵과 빨대는 몇 개인가요?,1개,2개,3개,4개,a,a,c,c,a,a
dev_3216.jpg,dev/dev_3216.jpg,사진에 보이는 재활용품 중 종이 재질의 포장지는 몇 개입니까?,1개,2개,3개,4개,b,b,b,d,b,b
dev_3217.jpg,dev/dev_3217.jpg,사진 속 나무 밑에 있는 재활용 가능한 플라스틱 병의 색깔은 무엇인가요?,노란색,파란색,투명,초록색,c,c,c,a,c,c
dev_3219.jpg,dev/dev_3219.jpg,사진에 보이는 재활용품 중 플라스틱으로 만들어진 것은 무엇인가요?,투명한 컵과 노란 빨대,흰색 뚜껑이 있는 용기,노란 빨대와 흰색 용기,투명한 컵과 흰색 용기,d,d,d,a,d,d
dev_3220.jpg,dev/dev_3220.jpg,책상 위에 있는 재활용품 중에서 종이 재질인 것은 무엇인가요?,휴지 케이스,하얀 무선 이어폰 케이스,컴퓨터 키보드,흰색 상자,d,a,d,d,a,d
dev_3221.jpg,dev/dev_3221.jpg,사진에 보이는 재활용품 중 플라스틱 재질은 무엇인가요?,투명 플라스틱 용기,파란색 플라스틱 뚜껑,종이 문서,플라스틱 용기와 파란색 뚜껑 모두,d,d,a,a,d,d
dev_3223.jpg,dev/dev_3223.jpg,사진에 보이는 조지아 커피 캔의 재활용 분류는 무엇인가요?,플라스틱,종이,금속,유리,c,a,c,a,c,c
dev_3226.jpg,dev/dev_3226.jpg,사진에 보이는 재활용 가능한 캔은 몇 개입니까?,1개,2개,3개,4개,d,a,c,c,c,c
dev_3229.jpg,dev/dev_3229.jpg,사진에 보이는 재활용 가능한 플라스틱 용기는 몇 개입니까?,1개,2개,3개,4개,b,c,c,c,a,c
dev_3231.jpg,dev/dev_3231.jpg,사진에 보이는 재활용품 중 골판지 상자의 개수는 몇 개인가요?,1개,2개,3개,4개,b,d,c,c,b,b
dev_3232.jpg,dev/dev_3232.jpg,사진 속 재활용 가능한 플라스틱 컵은 몇 개입니까?,1개,2개,3개,없음,a,a,d,a,d,a
dev_3234.jpg,dev/dev_3234.jpg,사진에 보이는 재활용품 중 플라스틱 재질인 것은 무엇인가요?,투명한 머리핀 케이스,종이로 된 이어폰 포장지,유리병,금속 캔,a,b,a,a,b,a
dev_3239.jpg,dev/dev_3239.jpg,사진 속 재활용 쓰레기봉투 안에 보이는 플라스틱 컵은 몇 개인가요?,1개,2개,3개,4개,b,a,a,d,b,a
dev_3242.jpg,dev/dev_3242.jpg,사진 속에 보이는 재활용 가능한 병은 몇 개입니까?,7개,9개,11개,13개,c,c,b,c,b,c
dev_3243.jpg,dev/dev_3243.jpg,사진에 보이는 재활용품 중 플라스틱 병은 몇 개입니까?,1개,2개,3개,4개,b,d,b,b,d,b
dev_3247.jpg,dev/dev_3247.jpg,사진에 보이는 재활용 가능한 플라스틱 병의 개수는 몇 개인가요?,1개,2개,3개,4개,d,a,a,b,c,a
dev_3248.jpg,dev/dev_3248.jpg,사진에 보이는 종이컵과 종이컵 홀더의 재활용 분류는 어떻게 해야 할까요?,"종이컵은 플라스틱, 종이컵 홀더는 종이로 분리 배출한다.",종이컵과 종이컵 홀더 모두 종이로 분리 배출한다.,"종이컵은 종이, 종이컵 홀더는 플라스틱으로 분리 배출한다.",종이컵과 종이컵 홀더 모두 일반 쓰레기로 버린다.,b,a,b,b,b,b
dev_3251.jpg,dev/dev_3251.jpg,책상 위에 놓인 흰색 상자는 어떤 재질로 보이나요?,플라스틱,종이,유리,금속,a,b,b,a,a,b
dev_3253.jpg,dev/dev_3253.jpg,사진에 보이는 재활용 가능한 종이류는 무엇입니까?,감자튀김 용기와 햄버거 포장지,음료 컵과 케첩 소스 포장지,햄버거 포장지와 음료 컵,감자튀김 용기와 음료 컵,c,a,a,d,b,a
dev_3256.jpg,dev/dev_3256.jpg,사진에 보이는 재활용품 중 골판지 상자는 몇 개입니까?,1개,2개,3개,4개,b,b,c,c,b,b
dev_3257.jpg,dev/dev_3257.jpg,사진 속 재활용품 봉투 안에 들어있는 재활용품의 재질은 무엇인가요?,플라스틱,스티로폼,종이,유리,b,a,b,b,a,b
dev_3260.jpg,dev/dev_3260.jpg,사진에서 보이는 재활용품 중 플라스틱 병은 몇 개입니까?,2개,3개,4개,5개,d,d,b,a,d,d
dev_3261.jpg,dev/dev_3261.jpg,사진에 보이는 재활용품 중 종이팩은 몇 개입니까?,1개,2개,3개,없음,a,a,a,b,b,a
dev_3262.jpg,dev/dev_3262.jpg,책상 위에 있는 재활용 가능한 음료 용기는 몇 개인가요?,1개,2개,3개,4개,b,a,b,a,b,b
dev_3263.jpg,dev/dev_3263.jpg,사진에 보이는 재활용품 중 종이 상자의 개수는 몇 개인가요?,3개,4개,5개,6개,c,c,d,b,d,c
dev_3267.jpg,dev/dev_3267.jpg,책상 위에 있는 재활용품 중 알루미늄 호일은 어디에 있나요?,펜 옆에 있는 둥근 투명 용기 안,모니터 아래 받침대 위,키보드 옆에 있는 종이 위,전원 멀티탭 옆,c,a,a,c,b,a
dev_3269.jpg,dev/dev_3269.jpg,사진 속 음료 컵의 뚜껑과 빨대의 재질은 무엇인가요?,플라스틱 뚜껑과 종이 빨대,플라스틱 뚜껑과 플라스틱 빨대,종이 뚜껑과 플라스틱 빨대,종이 뚜껑과 종이 빨대,a,a,b,a,b,a
dev_3270.jpg,dev/dev_3270.jpg,사진 속 아이스크림 용기와 스푼의 재활용 분류는 무엇인가요?,"용기는 종이류, 스푼은 플라스틱류",용기와 스푼 모두 플라스틱류,용기와 스푼 모두 종이류,"용기는 플라스틱류, 스푼은 종이류",a,a,b,b,a,a
dev_3271.jpg,dev/dev_3271.jpg,사진 속 재활용품 중 종이류는 어디에 담겨 있나요?,파란색 상자 안,녹색 그물 안,바닥에 직접 놓여 있음,나무 옆 땅에 흩어져 있음,a,d,c,a,d,a
dev_3273.jpg,dev/dev_3273.jpg,사진 속 트레이 위에 있는 재활용품 중 캔의 개수는 몇 개인가요?,1개,2개,3개,4개,b,d,d,d,d,d
dev_3277.jpg,dev/dev_3277.jpg,사진 속 비닐봉지 안에 들어있는 재활용품의 종류는 무엇인가요?,플라스틱 용기,종이 포장지,유리병,금속 캔,a,b,c,b,a,a
dev_3278.jpg,dev/dev_3278.jpg,사진 속 재활용품 중 유리병은 몇 개 있나요?,1개,2개,3개,4개,b,b,a,b,a,b
dev_3279.jpg,dev/dev_3279.jpg,사진 속 재활용품 중 플라스틱 병은 몇 개 있나요?,1개,2개,3개,없음,d,a,a,d,a,a
dev_3280.jpg,dev/dev_3280.jpg,사진 속 계단에 놓인 재활용품 중 종이 재질의 재활용품은 무엇인가요?,검은색 비닐봉투,파란색 비닐봉투,종이 상자,플라스틱 바구니,b,c,b,c,c,c
dev_3281.jpg,dev/dev_3281.jpg,사진에 보이는 재활용품 중 상자의 개수는 몇 개인가요?,2개,3개,4개,5개,c,d,d,c,b,c
dev_3284.jpg,dev/dev_3284.jpg,사진 속 재활용품 중 플라스틱 재질로 보이는 것은 무엇인가요?,검은색 텀블러,노란색 스틱형 포장재,하얀색 작은 용기,책상 위 모니터,c,d,c,b,c,c
dev_3290.jpg,dev/dev_3290.jpg,사진에 보이는 재활용 가능한 플라스틱 컵은 몇 개인가요?,1개,2개,3개,4개,b,b,c,b,c,b
dev_3292.jpg,dev/dev_3292.jpg,책상 위에 있는 재활용 가능한 플라스틱 병은 몇 개입니까?,1개,2개,3개,4개,c,,c,,c,c
dev_3293.jpg,dev/dev_3293.jpg,책상 위에 보이는 재활용 가능한 플라스틱 빨대의 개수는 몇 개인가요?,1개,2개,3개,4개,b,b,b,a,a,a
dev_3299.jpg,dev/dev_3299.jpg,사진에 보이는 재활용 가능한 유리병은 총 몇 개입니까?,19개,20개,21개,22개,b,a,a,a,b,b
dev_1604.jpg,dev/dev_1604.jpg,사진에 보이는 재활용품 중 플라스틱 재질인 것은 무엇인가요?,스너글 섬유유연제 용기,향기 디퓨저 병,투명 플라스틱 뚜껑,종이 상자,c,a,c,a,c,c
dev_1605.jpg,dev/dev_1605.jpg,사진에 보이는 재활용 가능한 컵의 재질은 무엇인가요?,종이컵,플라스틱 컵,유리컵,금속컵,a,b,b,a,a,a
dev_1606.jpg,dev/dev_1606.jpg,이 사진에 보이는 재활용품 중 종이류는 무엇인가요?,종이 상자,플라스틱 병,유리병,금속 캔,b,d,a,a,a,a
dev_1609.jpg,dev/dev_1609.jpg,사진에 보이는 재활용품 중 종이상자의 개수는 몇 개인가요?,3개,4개,5개,6개,c,b,b,b,b,c
dev_1610.jpg,dev/dev_1610.jpg,사진에 보이는 재활용품 중 종이 재질의 상자는 몇 개입니까?,1개,2개,3개,4개,c,b,b,b,b,b
dev_1611.jpg,dev/dev_1611.jpg,사진 속 재활용품 중 플라스틱 병의 뚜껑 색깔은 무엇인가요?,흰색,파란색,검은색,투명색,a,a,d,d,a,a
dev_1612.jpg,dev/dev_1612.jpg,사진 속 재활용품 중 종이팩의 개수는 몇 개인가요?,1개,2개,3개,4개,a,a,b,b,b,a
dev_1613.jpg,dev/dev_1613.jpg,사진에 보이는 재활용 가능한 플라스틱 용기의 개수는 몇 개인가요?,1개,2개,3개,4개,b,b,a,c,b,b
dev_1615.jpg,dev/dev_1615.jpg,사진에 보이는 재활용품 중 플라스틱 병은 몇 개입니까?,2개,3개,4개,5개,c,c,b,b,b,b
dev_1616.jpg,dev/dev_1616.jpg,사진에 보이는 재활용 가능한 플라스틱 포장지는 몇 개입니까?,1개,2개,3개,4개,c,b,b,c,c,c
dev_1618.jpg,dev/dev_1618.jpg,사진에 보이는 페트병의 개수는 몇 개인가요?,1개,2개,3개,4개,b,c,d,c,c,c
dev_1619.jpg,dev/dev_1619.jpg,사진 속 재활용 가능한 종이팩은 총 몇 개입니까?,2개,3개,4개,5개,a,a,b,b,c,b
dev_1621.jpg,dev/dev_1621.jpg,사진 속 재활용품 중 발포 스티로폼의 개수는 몇 개인가요?,1개,2개,3개,4개,a,b,a,b,a,b
dev_1622.jpg,dev/dev_1622.jpg,사진에 보이는 재활용품 중 알루미늄 캔은 몇 개입니까?,1개,2개,3개,없음,c,a,a,a,c,a
dev_1624.jpg,dev/dev_1624.jpg,사진에 보이는 재활용 가능한 플라스틱 병은 몇 개입니까?,1개,2개,3개,4개,b,b,a,b,d,b
dev_1625.jpg,dev/dev_1625.jpg,사진에 보이는 투명한 용기는 어떤 재질로 만들어졌나요?,플라스틱,유리,금속,종이,b,a,a,a,a,a
dev_1626.jpg,dev/dev_1626.jpg,사진에 보이는 재활용 가능한 플라스틱 용기의 개수는 몇 개인가요?,1개,2개,3개,4개,b,a,,a,b,a
dev_1627.jpg,dev/dev_1627.jpg,테이블 위에 있는 재활용 가능한 병의 재질은 무엇인가요?,유리,플라스틱,금속,종이,b,a,b,a,a,a
dev_1628.jpg,dev/dev_1628.jpg,사진에 보이는 '곰돌이 푸' 캐릭터가 그려진 포켓티슈의 재활용 분류는 무엇인가요?,종이류,플라스틱류,유리병류,금속류,a,b,b,a,b,b
dev_1632.jpg,dev/dev_1632.jpg,책상 위에 놓인 재활용 가능한 플라스틱 용기는 몇 개입니까?,1개,2개,3개,4개,b,a,b,b,a,b
dev_1634.jpg,dev/dev_1634.jpg,사진에 보이는 재활용품 중 플라스틱 컵은 몇 개입니까?,10개,13개,15개,17개,c,d,d,d,d,d
dev_1635.jpg,dev/dev_1635.jpg,사진에 보이는 재활용 가능한 종이 박스는 몇 개입니까?,3개,4개,5개,6개,c,c,c,d,d,d
dev_1636.jpg,dev/dev_1636.jpg,사진 속 재활용품 중 캔 음료가 몇 개 있나요?,10개 미만,10개 이상 20개 미만,20개 이상 30개 미만,30개 이상,c,d,c,b,d,c
dev_1637.jpg,dev/dev_1637.jpg,사진 속에서 보이는 재활용 가능한 플라스틱 병은 몇 개입니까?,1개,2개,3개,4개,d,d,d,a,c,d
dev_1639.jpg,dev/dev_1639.jpg,사진에 보이는 재활용 가능한 종이컵은 몇 개입니까?,3개,4개,5개,6개,c,c,d,c,c,c
dev_1640.jpg,dev/dev_1640.jpg,사진에 보이는 재활용품 중 플라스틱 컵은 몇 개입니까?,1개,2개,3개,4개,b,d,c,d,d,d
dev_1642.jpg,dev/dev_1642.jpg,사진에 보이는 재활용품 중 플라스틱 병은 몇 개입니까?,1개,2개,3개,4개,c,c,a,a,c,c
dev_1643.jpg,dev/dev_1643.jpg,사진에 보이는 재활용 쓰레기 중 플라스틱 병이 들어있는 봉투는 어떤 색인가요?,투명한 봉투,파란색 봉투,흰색 봉투,검은색 봉투,c,a,a,a,c,a
dev_1644.jpg,dev/dev_1644.jpg,사진에 보이는 재활용품 중 캔은 몇 개입니까?,1개,2개,3개,4개,c,c,c,c,b,c
dev_1645.jpg,dev/dev_1645.jpg,사진에 보이는 재활용품 중에서 플라스틱 병의 뚜껑 색깔은 무엇인가요?,노란색,파란색,초록색,하늘색,c,b,d,b,d,b
dev_1646.jpg,dev/dev_1646.jpg,사진에 보이는 재활용품 중 플라스틱 용기는 몇 개입니까?,1개,2개,3개,4개 이상,d,d,a,d,d,d
dev_1647.jpg,dev/dev_1647.jpg,사진에 보이는 재활용 가능한 플라스틱 용기는 무엇입니까?,라면 용기,소시지 포장 비닐,젓가락 포장지,모두 재활용 가능,b,a,d,b,b,b
dev_1648.jpg,dev/dev_1648.jpg,사진에 보이는 재활용품 중 캔은 몇 개입니까?,1개,2개,3개,4개,b,a,b,d,a,a
dev_1649.jpg,dev/dev_1649.jpg,사진에 보이는 와인 병 중에서 '블루베리 와인' 라벨이 붙은 병은 몇 개입니까?,1개,2개,3개,4개,a,a,c,b,b,b
dev_1650.jpg,dev/dev_1650.jpg,사진에 보이는 재활용품 중 종이 재질의 조각은 몇 개입니까?,5개,8개,12개,15개,d,d,d,d,c,d
dev_1651.jpg,dev/dev_1651.jpg,사진에 보이는 재활용 가능한 플라스틱 용기는 무엇인가요?,검은색 플라스틱 포크,투명 플라스틱 소스 용기,종이 봉투,나무 테이블,b,a,b,a,b,b
dev_1652.jpg,dev/dev_1652.jpg,책상 위에 있는 재활용 가능한 포장지의 개수는 몇 개인가요?,3개,4개,5개,6개,a,b,c,a,b,b
dev_1654.jpg,dev/dev_1654.jpg,사진 속 재활용품으로 보이는 음료팩의 재질은 무엇인가요?,종이와 플라스틱 복합재질,유리,금속,플라스틱 단일재질,b,a,d,a,a,a
dev_1655.jpg,dev/dev_1655.jpg,사진에 보이는 재활용 가능한 유리병은 어떤 종류인가요?,소주병,와인병,아페롤 병,맥주병,b,b,b,d,b,c
dev_1656.jpg,dev/dev_1656.jpg,사진 속 용기 중 재활용 가능한 플라스틱 용기는 무엇인가요?,투명한 뚜껑이 있는 작은 소스 용기,흰색 종이 포장지,흰색 일회용 용기 본체,음식물 찌꺼기가 묻은 종이,d,c,a,a,a,a
dev_1658.jpg,dev/dev_1658.jpg,사진에 보이는 재활용품 중 플라스틱으로 만든 것은 무엇인가요?,음료 캔,플라스틱 뚜껑,종이컵,유리병,b,c,d,b,b,b
dev_1659.jpg,dev/dev_1659.jpg,사진 속 바구니 안에 있는 재활용 가능한 플라스틱 용기의 개수는 몇 개인가요?,1개,2개,3개,4개,c,c,b,b,b,b
dev_1660.jpg,dev/dev_1660.jpg,사진에 보이는 재활용품 상자의 재질은 무엇인가요?,플라스틱,종이,유리,금속,c,b,b,a,b,b
dev_1661.jpg,dev/dev_1661.jpg,사진에 보이는 재활용품 중 플라스틱 재질인 것은 무엇인가요?,투명한 컵,종이컵,플라스틱 뚜껑이 있는 컵,스프레이 용기,a,c,a,a,c,a
dev_1664.jpg,dev/dev_1664.jpg,사진에 보이는 재활용품은 무엇으로 포장되어 있나요?,종이 포장,플라스틱 포장,금속 포장,유리 포장,a,b,b,b,a,b
dev_1665.jpg,dev/dev_1665.jpg,사진에 보이는 재활용품 중 종이팩은 몇 개인가요?,1개,2개,3개,없음,b,a,a,b,a,a
dev_1670.jpg,dev/dev_1670.jpg,사진 속에서 재활용이 가능한 아이템은 무엇인가요?,종이봉투,플라스틱 컵,종이봉투와 플라스틱 컵,재활용품이 보이지 않는다,c,a,c,a,a,a
dev_1672.jpg,dev/dev_1672.jpg,사진에 보이는 재활용 가능한 용기는 무엇인가요?,종이컵,플라스틱 병,금속 캔,종이 포장지,a,b,a,b,b,a
dev_1674.jpg,dev/dev_1674.jpg,사진에 보이는 재활용품 중 종이 재질인 것은 무엇인가요?,노란색 컵라면 용기,검은색 비닐봉지,흰색 상자,플라스틱 뚜껑,c,c,a,a,c,b
dev_1676.jpg,dev/dev_1676.jpg,사진에 보이는 재활용 가능한 플라스틱 컵의 뚜껑 색깔은 무엇인가요?,투명,분홍색,파란색,초록색,b,a,b,b,b,b
dev_1677.jpg,dev/dev_1677.jpg,사진에 보이는 재활용품 중 플라스틱 재질의 용기는 몇 개입니까?,1개,2개,3개,4개,b,b,c,c,c,c
dev_1679.jpg,dev/dev_1679.jpg,사진 속에서 재활용 가능한 플라스틱 용기는 몇 개 있나요?,1개,2개,3개,4개,c,a,a,a,c,a
dev_1680.jpg,dev/dev_1680.jpg,사진에 보이는 재활용품 중 비닐봉지는 몇 개입니까?,1개,2개,3개,4개,b,a,a,a,d,a
dev_1682.jpg,dev/dev_1682.jpg,사진 속 재활용품 분리수거함 위에 보이는 투명 플라스틱 병은 몇 개입니까?,1개,2개,3개,4개,b,c,a,a,a,b
dev_1683.jpg,dev/dev_1683.jpg,사진에 보이는 과자 봉지는 어떤 재질로 만들어졌나요?,종이,플라스틱,알루미늄 호일,유리,c,b,b,b,b,b
dev_1685.jpg,dev/dev_1685.jpg,사진에 보이는 재활용품 중 종이 재질인 것은 무엇인가요?,하얀색 손잡이가 달린 상자,종이로 된 휴지심,구겨진 흰 종이,위 세 가지 모두,a,d,a,d,b,d
dev_1688.jpg,dev/dev_1688.jpg,사진에 보이는 재활용 가능한 종이 용기는 몇 개입니까?,1개,2개,3개,4개,b,d,d,b,a,b
dev_1690.jpg,dev/dev_1690.jpg,사진에 보이는 재활용품 중 발포 스티로폼의 개수는 몇 개인가요?,1개,2개,3개,4개,c,b,c,c,b,c
dev_1691.jpg,dev/dev_1691.jpg,사진 속에서 재활용 가능한 종이 상자의 개수는 몇 개인가요?,3개,5개,7개,9개,b,d,c,a,d,d
dev_1692.jpg,dev/dev_1692.jpg,사진 속에 보이는 투명 플라스틱 컵은 몇 개입니까?,1개,2개,3개,4개,a,a,b,a,a,a
dev_1693.jpg,dev/dev_1693.jpg,사진에 보이는 재활용품 중 플라스틱 용기는 몇 개입니까?,1개,2개,3개,4개,c,c,b,b,b,c
dev_1694.jpg,dev/dev_1694.jpg,사진에 보이는 재활용 가능한 아이템은 무엇인가요?,플라스틱 캔디 포장지,종이 캔디 포장지,유리병,금속 캔디 포장지,a,b,a,a,b,a
dev_1695.jpg,dev/dev_1695.jpg,사진에 보이는 재활용품 중 종이 재질의 상자는 몇 개입니까?,1개,2개,3개,4개,c,d,d,d,c,d
dev_1696.jpg,dev/dev_1696.jpg,사진 속 재활용품 중 종이 상자의 개수는 몇 개인가요?,3개,4개,5개,6개,c,d,d,a,d,d
dev_1698.jpg,dev/dev_1698.jpg,사진에 보이는 재활용 봉투 중에서 플라스틱 병이 들어있는 봉투는 어느 것인가요?,왼쪽 투명 봉투,가운데 투명 봉투,오른쪽 초록색 봉투,왼쪽과 가운데 봉투 모두,a,a,b,b,a,a
dev_1699.jpg,dev/dev_1699.jpg,사진에 보이는 재활용 가능한 종이봉투는 몇 개입니까?,1개,2개,3개,4개,a,c,c,c,c,a
dev_1700.jpg,dev/dev_1700.jpg,사진 속 상자 안에 보이는 재활용품 중 종이 재질의 개수는 몇 개인가요?,2개,3개,4개,5개,c,b,c,d,d,d
dev_1701.jpg,dev/dev_1701.jpg,사진에 보이는 재활용품 중 플라스틱 재질인 것은 무엇인가요?,파란색 이클립스 껌 케이스,노란색 알약 포장지,회색 카펫,검은색 물체,b,b,b,b,a,b
dev_1703.jpg,dev/dev_1703.jpg,사진에 보이는 재활용품 중 플라스틱 병은 몇 개입니까?,1개,2개,3개,4개,b,d,b,d,b,c
dev_1706.jpg,dev/dev_1706.jpg,사진에 보이는 재활용 가능한 캔의 종류는 무엇인가요?,Rogue 캔,Founders 캔,Batsquatch 캔,모두 해당,a,a,d,c,d,d
dev_1707.jpg,dev/dev_1707.jpg,사진 속 재활용품 중 플라스틱 병은 몇 개 있나요?,1개,2개,3개,4개,c,c,d,c,b,c
dev_1708.jpg,dev/dev_1708.jpg,사진 속 재활용품 중 종이 재질의 상자는 몇 개입니까?,1개,2개,3개,4개,c,c,b,c,c,c
dev_1709.jpg,dev/dev_1709.jpg,사진 속에서 재활용이 가능한 플라스틱 포장지는 몇 개 있나요?,1개,2개,3개,4개,b,c,a,b,b,b
dev_1710.jpg,dev/dev_1710.jpg,사진에 보이는 재활용 가능한 종이류는 몇 개인가요?,1개,2개,3개,4개,b,c,c,c,b,c
dev_1711.jpg,dev/dev_1711.jpg,사진에 보이는 노란색 스틱형 포장재는 어떤 재질로 보이나요?,종이,플라스틱,유리,금속,b,b,a,b,a,b
dev_1712.jpg,dev/dev_1712.jpg,사진에서 재활용 가능한 플라스틱 식기류는 몇 개인가요?,1개,2개,3개,4개,a,b,a,b,b,b
dev_1713.jpg,dev/dev_1713.jpg,사진에 보이는 재활용품 중 플라스틱 용기의 개수는 몇 개인가요?,1개,2개,3개,4개,d,c,c,d,d,d
dev_1714.jpg,dev/dev_1714.jpg,사진에 보이는 재활용품 중 플라스틱 병의 개수는 몇 개인가요?,1개,2개,3개,4개,a,a,b,b,b,c
dev_1715.jpg,dev/dev_1715.jpg,사진에 보이는 재활용 가능한 플라스틱 병은 몇 개입니까?,1개,2개,3개,4개,c,c,b,a,c,c
dev_1716.jpg,dev/dev_1716.jpg,사진에 보이는 재활용품 중 플라스틱 빨대는 몇 개입니까?,약 20개,약 30개,약 40개,약 50개,d,a,a,d,a,b
dev_1718.jpg,dev/dev_1718.jpg,사진 속 재활용품 중 알루미늄 캔의 색상은 무엇인가요?,빨간색,주황색,파란색,초록색,a,a,b,b,b,b
dev_1719.jpg,dev/dev_1719.jpg,사진에서 보이는 재활용품은 무엇인가요?,플라스틱 병,종이 상자,유리병,금속 캔,d,d,a,d,d,d
dev_1720.jpg,dev/dev_1720.jpg,사진 속에서 재활용 가능한 플라스틱 포장재는 몇 개 보이나요?,1개,2개,3개,4개 이상,d,a,d,a,d,d
dev_1721.jpg,dev/dev_1721.jpg,사진 속에 보이는 재활용품 중 금속 재질인 것은 무엇인가요?,플라스틱 병,종이 봉투,알루미늄 캔,스테인리스 텀블러,d,d,c,c,c,c
dev_1723.jpg,dev/dev_1723.jpg,사진에 보이는 재활용품 중 병(플라스틱 병)의 색깔은 무엇인가요?,투명한 병,주황색 병,파란색 병,녹색 병,b,b,a,a,b,a
dev_1724.jpg,dev/dev_1724.jpg,사진에 보이는 재활용 가능한 종이 포장지는 무엇인가요?,Welch`s Original 크림 캔디 상자,음료수 캔,플라스틱 컵 홀더,튜브형 화장품 용기,a,a,c,a,a,a
dev_1725.jpg,dev/dev_1725.jpg,사진 속 상자들 중 재활용 종이 상자의 개수는 몇 개인가요?,3개,5개,7개,9개,d,d,b,c,c,c
dev_1726.jpg,dev/dev_1726.jpg,냉장고 선반에 있는 페트병 음료 중에서 노란색 라벨이 붙은 음료는 몇 개입니까?,5개,6개,7개,8개,c,d,d,d,c,d
dev_1728.jpg,dev/dev_1728.jpg,사진에 보이는 재활용 가능한 플라스틱 병은 몇 개입니까?,1개,2개,3개,4개,c,a,a,a,a,a
dev_1729.jpg,dev/dev_1729.jpg,책상 위에 있는 재활용 가능한 플라스틱 용기는 무엇인가요?,스타벅스 텀블러,치약 튜브,컴퓨터 키보드,마우스 패드,b,b,a,c,b,b
dev_1731.jpg,dev/dev_1731.jpg,사진에 보이는 재활용 쓰레기 분리수거함에서 플라스틱 재활용품이 주로 보관된 구역은 어디인가요?,왼쪽 구역,가운데 구역,오른쪽 구역,아래 바닥,a,a,b,a,b,b
dev_1733.jpg,dev/dev_1733.jpg,사진에 보이는 재활용품은 무엇인가요?,종이팩,플라스틱 병,캔,종이 상자,d,d,a,a,a,a
dev_1734.jpg,dev/dev_1734.jpg,사진에 보이는 재활용품 중 종이 재질의 재활용품은 어디에 있나요?,노란색 봉투 안,갈색 큰 봉투 안,길가에 놓인 상자 안,검은색 봉투 안,c,c,a,c,b,c
dev_1735.jpg,dev/dev_1735.jpg,사진 속 박스 안에 보이는 재활용품 중 종이 재질의 상자는 몇 개입니까?,1개,2개,3개,4개,c,d,d,d,a,d
dev_1736.jpg,dev/dev_1736.jpg,사진에 보이는 재활용품 중 종이상자는 몇 개입니까?,2개,3개,4개,5개,b,a,a,d,a,c
dev_1737.jpg,dev/dev_1737.jpg,사진 속 재활용 쓰레기통에 버려지고 있는 종이팩의 종류는 무엇인가요?,우유팩,주스팩,두유팩,와인팩,a,b,c,b,a,c
dev_1738.jpg,dev/dev_1738.jpg,사진 속 상자들 중 재활용 가능한 종이 상자는 몇 개입니까?,1개,2개,3개,4개,d,b,b,c,c,d
dev_1740.jpg,dev/dev_1740.jpg,사진에 보이는 재활용품 중 플라스틱 용기는 몇 개인가요?,1개,2개,3개,4개,a,b,a,b,a,a
dev_1741.jpg,dev/dev_1741.jpg,사진 속 상자 안에 있는 재활용 가능한 플라스틱 스틱 커피 봉지는 어떤 색상인가요?,노란색,검은색,흰색,파란색,b,a,a,b,a,a
dev_1743.jpg,dev/dev_1743.jpg,사진에 보이는 재활용품 중 플라스틱 용기는 몇 개입니까?,1개,2개,3개,4개 이상,b,a,b,a,a,d
dev_1745.jpg,dev/dev_1745.jpg,사진에 보이는 재활용품 중 캔의 개수는 몇 개인가요?,1개,2개,3개,없음,a,d,d,a,a,d
dev_1746.jpg,dev/dev_1746.jpg,사진에 보이는 재활용품 중 플라스틱 재질인 것은 무엇인가요?,투명 비닐봉투,분홍색 비닐봉투,파란색과 흰색이 섞인 플라스틱 용기,검은색 키보드,c,b,c,c,d,c
dev_1747.jpg,dev/dev_1747.jpg,사진에 보이는 재활용 가능한 유리병은 어디에 있나요?,꼬치가 놓인 접시 옆,테이블 위 중앙의 원형 그릴 안,테이블 위 중앙의 원형 그릴 가장자리,테이블 위 오른쪽 끝,c,a,b,b,b,b
dev_1748.jpg,dev/dev_1748.jpg,사진에 보이는 재활용품 중 캔은 몇 개입니까?,1개,2개,3개,없음,a,a,a,b,c,a
dev_1749.jpg,dev/dev_1749.jpg,사진에서 보이는 재활용품은 무엇인가요?,플라스틱 병,유리병,종이 상자,금속 캔,a,b,a,b,b,b
dev_0801.jpg,dev/dev_0801.jpg,사진에 보이는 재활용품 중 플라스틱 재질인 것은 무엇인가요?,투명한 플라스틱 컵과 뚜껑,흰색 종이 그릇,유리병,금속 캔,b,a,a,b,a,a
dev_0802.jpg,dev/dev_0802.jpg,사진에 보이는 재활용 가능한 플라스틱 용기의 개수는 몇 개인가요?,3개,4개,5개,6개,c,d,d,d,d,c
dev_0803.jpg,dev/dev_0803.jpg,사진에 보이는 재활용품 중 종이 재질의 포장지는 몇 개입니까?,1개,2개,3개,4개,a,b,c,a,a,a
dev_0804.jpg,dev/dev_0804.jpg,사진 속 재활용 쓰레기봉투 안에 보이는 캔은 몇 개입니까?,1개,2개,3개,4개,a,b,a,c,c,c
dev_0805.jpg,dev/dev_0805.jpg,사진 속 쓰레기통 안에 보이는 재활용 가능한 품목은 무엇인가요?,플라스틱 포장재,종이컵,유리병,금속캔,a,a,a,b,b,a
dev_0806.jpg,dev/dev_0806.jpg,사진 속 나무 주변에 놓인 재활용품 중 플라스틱 병은 몇 개입니까?,1개,2개,3개,4개,a,a,b,b,b,b
dev_0807.jpg,dev/dev_0807.jpg,사진 속 테이블 위에 있는 재활용 가능한 캔은 몇 개입니까?,1개,2개,3개,4개,d,c,d,d,b,d
dev_0808.jpg,dev/dev_0808.jpg,사진에 보이는 재활용품 중 종이박스는 몇 개입니까?,1개,2개,3개,4개,c,c,c,d,d,c
dev_0809.jpg,dev/dev_0809.jpg,사진에 보이는 재활용품 중 발포 스티로폼 상자의 개수는 몇 개인가요?,3개,4개,5개,6개,c,d,d,d,d,d
dev_0810.jpg,dev/dev_0810.jpg,사진에 보이는 재활용 가능한 플라스틱 병은 몇 개입니까?,1개,2개,3개,4개,c,d,d,d,d,d
dev_0811.jpg,dev/dev_0811.jpg,사진에 보이는 재활용 가능한 종이 상자의 개수는 몇 개인가요?,1개,2개,3개,4개,b,c,c,c,b,c
dev_0813.jpg,dev/dev_0813.jpg,사진 속 재활용품 중 플라스틱 용기는 몇 개 있나요?,1개,2개,3개,4개,b,a,a,a,b,b
dev_0816.jpg,dev/dev_0816.jpg,사진 속 재활용품으로 보이는 포장재는 무엇인가요?,플라스틱 봉지,종이 박스,유리병,금속 캔,b,b,b,a,a,a
dev_0817.jpg,dev/dev_0817.jpg,사진 속 재활용품 중 알루미늄 캔은 몇 개 있나요?,1개,2개,3개,없음,a,b,b,a,a,a
dev_0818.jpg,dev/dev_0818.jpg,사진에 보이는 재활용품 중 캔은 몇 개 있습니까?,1개,2개,3개,4개,b,a,b,b,c,b
dev_0819.jpg,dev/dev_0819.jpg,사진에 보이는 재활용 가능한 플라스틱 컵은 몇 개인가요?,1개,2개,3개,4개,a,a,a,c,c,a
dev_0820.jpg,dev/dev_0820.jpg,사진에 보이는 용기 중 재활용이 가능한 재질은 무엇인가요?,유리,플라스틱,금속,종이,a,c,b,c,b,b
dev_0821.jpg,dev/dev_0821.jpg,사진 속 재활용함에 들어있는 플라스틱 용기의 뚜껑 색깔은 무엇인가요?,검은색,흰색,빨간색,초록색,a,d,a,a,d,a
dev_0822.jpg,dev/dev_0822.jpg,사진에 보이는 재활용품 중 종이류는 몇 개입니까?,2개,4개,6개,8개,a,b,d,d,d,d
dev_0823.jpg,dev/dev_0823.jpg,사진에 보이는 재활용 가능한 플라스틱 컵의 뚜껑 색상은 무엇인가요?,노란색,분홍색,투명색,파란색,c,c,b,b,b,b
dev_0825.jpg,dev/dev_0825.jpg,사진에 보이는 재활용품 중 캔은 몇 개입니까?,1개,2개,3개,4개,b,a,a,a,a,a
dev_0826.jpg,dev/dev_0826.jpg,사진 속 재활용품 중 플라스틱 병은 몇 개 있나요?,2개,3개,4개,5개,d,d,d,c,c,d
dev_0827.jpg,dev/dev_0827.jpg,사진 속 재활용 망에 담긴 재활용품 중 플라스틱 병은 몇 개입니까?,1개,2개,3개,4개,d,c,a,d,d,d
dev_0828.jpg,dev/dev_0828.jpg,사진에서 재활용 가능한 종이류 쓰레기는 몇 개 보이나요?,1개,2개,3개,4개,a,a,a,a,b,a
dev_0829.jpg,dev/dev_0829.jpg,사진에 보이는 재활용품 중에서 종이상자의 개수는 몇 개입니까?,3개,5개,7개,9개,d,b,b,c,d,d
dev_0830.jpg,dev/dev_0830.jpg,사진에서 보이는 재활용품 중 종이팩은 몇 개입니까?,1개,2개,3개,4개,b,c,b,c,c,c
dev_0831.jpg,dev/dev_0831.jpg,사진에 보이는 재활용 가능한 플라스틱 병은 몇 개입니까?,1개,2개,3개,없음,d,a,d,a,a,a
dev_0832.jpg,dev/dev_0832.jpg,사진에 보이는 재활용 가능한 플라스틱 병은 몇 개입니까?,1개,2개,3개,4개,a,d,d,d,a,d
dev_0833.jpg,dev/dev_0833.jpg,사진 속 책상 위에 있는 재활용 가능한 플라스틱 컵은 몇 개인가요?,1개,2개,3개,4개,a,c,d,c,b,c
dev_0834.jpg,dev/dev_0834.jpg,사진에 보이는 재활용품 중 플라스틱 용기의 개수는 몇 개인가요?,3개,4개,5개,6개,c,d,b,a,c,d
dev_0835.jpg,dev/dev_0835.jpg,사진 속 재활용 가능한 플라스틱 용기는 몇 개입니까?,1개,2개,3개,4개,c,b,d,d,d,d
dev_0836.jpg,dev/dev_0836.jpg,사진에 보이는 재활용품 중 플라스틱 병의 개수는 몇 개인가요?,1개,2개,3개,4개,a,a,a,b,a,b
dev_0837.jpg,dev/dev_0837.jpg,사진에 보이는 재활용품 중 플라스틱 용기는 몇 개인가요?,1개,2개,3개,4개,a,a,b,a,a,a
dev_0838.jpg,dev/dev_0838.jpg,사진 속 재활용 봉투 안에 있는 플라스틱 용기의 개수는 몇 개인가요?,3개,5개,7개,9개,b,d,b,b,b,c
dev_0839.jpg,dev/dev_0839.jpg,책상 위에 있는 재활용 가능한 플라스틱 컵은 몇 개인가요?,2개,3개,4개,5개,b,b,b,c,c,b
dev_0841.jpg,dev/dev_0841.jpg,사진 속 녹색 철제 울타리 아래에 놓여 있는 재활용품은 무엇인가요?,플라스틱 병,종이컵,캔,유리병,b,c,b,b,b,b
dev_0842.jpg,dev/dev_0842.jpg,사진 속 테이블 위에 있는 재활용 가능한 병은 몇 개입니까?,1개,2개,3개,4개,c,c,a,d,c,c
dev_0843.jpg,dev/dev_0843.jpg,사진에 보이는 재활용 가능한 플라스틱 컵은 몇 개입니까?,1개,2개,3개,4개,a,b,c,a,b,a
dev_0845.jpg,dev/dev_0845.jpg,사진에 보이는 재활용품 중 플라스틱 용기의 개수는 몇 개인가요?,1개,2개,3개,4개,d,d,c,d,d,d
dev_0847.jpg,dev/dev_0847.jpg,사진에 보이는 은색 포장지는 어떤 재질로 분류해야 할까요?,종이,플라스틱,알루미늄(금속),유리,c,a,b,b,b,b
dev_0848.jpg,dev/dev_0848.jpg,사진에서 재활용 가능한 플라스틱 컵은 총 몇 개 있습니까?,2개,3개,4개,5개,b,c,c,c,b,c
dev_0849.jpg,dev/dev_0849.jpg,사진에 보이는 재활용품 중 플라스틱 용기는 몇 개입니까?,1개,2개,3개,4개,b,c,a,a,c,b
dev_0851.jpg,dev/dev_0851.jpg,사진에 보이는 재활용 가능한 플라스틱 포장지는 몇 개입니까?,1개,2개,3개,4개,a,b,c,c,b,c
dev_0852.jpg,dev/dev_0852.jpg,사진 속 쓰레기봉투 안에 보이는 재활용 가능한 플라스틱 병은 몇 개입니까?,1개,2개,3개,4개,b,c,b,b,d,d
dev_0854.jpg,dev/dev_0854.jpg,책상 위에 있는 노란색 용기는 어떤 재질로 만들어진 재활용품인가요?,플라스틱,유리,금속,종이,c,c,c,a,a,c
dev_0855.jpg,dev/dev_0855.jpg,사진에 보이는 재활용 가능한 플라스틱 용기는 몇 개입니까?,1개,2개,3개,4개,c,c,a,a,c,c
dev_0856.jpg,dev/dev_0856.jpg,사진에서 보이는 재활용품 중 종이 상자의 개수는 몇 개인가요?,1개,2개,3개,4개,b,d,c,c,c,d
dev_0858.jpg,dev/dev_0858.jpg,사진 속에서 손에 들고 있는 재활용 가능한 아이템은 무엇인가요?,종이봉투,플라스틱 병,유리병,금속 캔,a,c,a,,a,a
dev_0859.jpg,dev/dev_0859.jpg,사진에 보이는 재활용 가능한 플라스틱 용기는 무엇인가요?,진공 청소기 먼지통,플라스틱 빨대,페트병,플라스틱 컵,a,d,a,a,d,a
dev_0860.jpg,dev/dev_0860.jpg,사진에 보이는 재활용품 중 골판지 상자는 몇 개입니까?,1개,2개,3개,4개,a,b,d,a,c,d
dev_0861.jpg,dev/dev_0861.jpg,사진에 보이는 재활용 가능한 플라스틱 용기의 개수는 몇 개인가요?,1개,2개,3개,4개,d,d,c,d,d,d
dev_0862.jpg,dev/dev_0862.jpg,사진에 보이는 재활용 가능한 플라스틱 컵은 몇 개입니까?,1개,2개,3개,4개,c,b,d,c,c,d
dev_0863.jpg,dev/dev_0863.jpg,사진 속 재활용 쓰레기 중 플라스틱 컵은 몇 개 있나요?,2개,3개,4개,5개,a,c,d,b,b,b
dev_0864.jpg,dev/dev_0864.jpg,사진 속 재활용품 중 종이 재질의 포장재는 몇 개입니까?,1개,2개,3개,4개,d,d,c,d,c,d
dev_0865.jpg,dev/dev_0865.jpg,사진에 보이는 재활용품 중 플라스틱 용기의 개수는 몇 개인가요?,1개,2개,3개,4개,b,d,a,b,a,a
dev_0866.jpg,dev/dev_0866.jpg,사진에 보이는 재활용품 중 플라스틱 병은 몇 개입니까?,1개,2개,3개,4개,a,b,d,d,b,b
dev_0868.jpg,dev/dev_0868.jpg,사진에 보이는 재활용품 중 발포 스티로폼의 개수는 몇 개인가요?,1개,2개,3개,4개,b,b,c,b,c,a
dev_0870.jpg,dev/dev_0870.jpg,사진에 보이는 재활용품 중 플라스틱 병의 개수는 몇 개인가요?,3개,4개,5개,6개,a,a,a,a,b,a
dev_0871.jpg,dev/dev_0871.jpg,사진 속 재활용 가능한 종이류는 몇 개입니까?,1개,2개,3개,4개,c,d,b,c,c,c
dev_0872.jpg,dev/dev_0872.jpg,사진에서 보이는 재활용 가능한 포장지는 어떤 재질인가요?,종이,플라스틱,알루미늄 호일,유리,c,c,b,b,a,b
dev_0873.jpg,dev/dev_0873.jpg,사진에 보이는 재활용 가능한 플라스틱 컵은 몇 개입니까?,약 10개,약 15개,약 20개,약 25개,d,d,c,d,d,d
dev_0874.jpg,dev/dev_0874.jpg,사진 속 재활용 가능한 종이 상자의 개수는 몇 개인가요?,1개,2개,3개,4개,b,d,c,d,d,d
dev_0875.jpg,dev/dev_0875.jpg,사진에 보이는 재활용품 중 종이 재질의 포장재는 몇 개입니까?,1개,2개,3개,4개,b,c,b,b,c,c
dev_0876.jpg,dev/dev_0876.jpg,사진에 보이는 재활용 가능한 종이 포장재는 몇 개입니까?,1개,2개,3개,4개,a,b,a,b,d,b
dev_0878.jpg,dev/dev_0878.jpg,사진에 보이는 재활용 가능한 플라스틱 컵은 몇 개입니까?,1개,2개,3개,4개,d,c,d,c,d,c
dev_0879.jpg,dev/dev_0879.jpg,사진 속 책상 위에 보이는 재활용 가능한 플라스틱 용기는 무엇인가요?,검은색 모자,투명한 비닐봉지,금색 돼지 저금통,파란색 가방,c,c,a,b,c,c
dev_0880.jpg,dev/dev_0880.jpg,사진에 보이는 재활용품 중 금속 재질의 개수는 몇 개인가요?,2개,3개,4개,5개,b,b,c,c,c,c
dev_0882.jpg,dev/dev_0882.jpg,사진에 보이는 재활용품 중 종이상자의 개수는 대략 몇 개입니까?,10개 미만,10개 이상 20개 미만,20개 이상 30개 미만,30개 이상,c,d,d,d,d,d
dev_0883.jpg,dev/dev_0883.jpg,사진 속 재활용품 중 플라스틱 병은 몇 개 보이나요?,1개,2개,3개,4개,a,c,a,d,c,a
dev_0884.jpg,dev/dev_0884.jpg,사진에 보이는 재활용 가능한 플라스틱 용기의 개수는 몇 개인가요?,1개,2개,3개,4개,c,b,b,b,d,b
dev_0885.jpg,dev/dev_0885.jpg,사진에 보이는 재활용 쓰레기 봉투 중 플라스틱 병이 가장 많이 들어있는 봉투는 어느 위치에 있나요?,가장 왼쪽에 있는 봉투,가장 오른쪽에 있는 봉투,가운데에 있는 봉투,맨 앞에 있는 작은 봉투,c,b,a,a,c,c
dev_0886.jpg,dev/dev_0886.jpg,사진 속 재활용 가능한 플라스틱 컵은 몇 개입니까?,1개,2개,3개,4개,a,a,b,a,b,b
dev_0888.jpg,dev/dev_0888.jpg,사진에 보이는 재활용 가능한 음료 용기는 무엇인가요?,플라스틱 병,유리병,알루미늄 캔,종이컵,d,d,c,c,d,d
dev_0889.jpg,dev/dev_0889.jpg,사진에 보이는 재활용 가능한 종이의 개수는 몇 개인가요?,3개,5개,7개,10개,d,a,d,c,d,c
dev_0890.jpg,dev/dev_0890.jpg,사진에 보이는 재활용 가능한 옷걸이의 재질은 무엇인가요?,플라스틱,금속,종이,유리,b,a,a,a,a,a
dev_0891.jpg,dev/dev_0891.jpg,사진 속 테이블 위에 있는 재활용 가능한 플라스틱 컵은 몇 개입니까?,2개,3개,4개,5개,d,c,d,d,c,c
dev_0893.jpg,dev/dev_0893.jpg,사진에 보이는 재활용품 중 종이 재질의 상자는 몇 개입니까?,3개,4개,5개,6개,c,b,d,d,c,d
dev_0894.jpg,dev/dev_0894.jpg,사진에 보이는 재활용품 중 골판지 상자의 상태는 무엇인가요?,골판지 상자가 접혀서 평평하게 놓여 있음,골판지 상자가 펼쳐져 빈 상태로 놓여 있음,골판지 상자가 찢어져서 사용 불가능한 상태임,골판지 상자가 플라스틱으로 코팅되어 있음,b,a,b,a,b,b
dev_0898.jpg,dev/dev_0898.jpg,사진에 보이는 재활용 가능한 플라스틱 포장지는 몇 개입니까?,2개,3개,4개,5개,d,d,d,d,b,c
dev_0900.jpg,dev/dev_0900.jpg,사진 속 재활용품 분리수거함에 가장 많이 보이는 재활용품 종류는 무엇인가요?,플라스틱 병,스티로폼 용기,유리병,종이 상자,a,b,a,b,a,a
dev_0901.jpg,dev/dev_0901.jpg,사진에 보이는 재활용품 중 종이 재질의 상자는 몇 개입니까?,3개,4개,5개,6개,b,c,b,c,b,c
dev_0904.jpg,dev/dev_0904.jpg,사진 속 재활용품 중 플라스틱 용기의 개수는 몇 개인가요?,5개,6개,7개,8개,c,c,c,b,d,c
dev_0905.jpg,dev/dev_0905.jpg,사진에 보이는 재활용품 중 종이 재질의 상자는 몇 개입니까?,1개,2개,3개,4개,c,c,c,,d,c
dev_0907.jpg,dev/dev_0907.jpg,사진에 보이는 재활용 가능한 플라스틱 컵은 총 몇 개입니까?,2개,3개,4개,5개,d,c,d,c,d,d
dev_0908.jpg,dev/dev_0908.jpg,사진에 보이는 재활용품 중 종이 재질의 상자는 몇 개입니까?,2개,3개,4개,5개,b,d,d,d,d,d
dev_0909.jpg,dev/dev_0909.jpg,사진 속 재활용품 중 종이 재질의 상자는 몇 개 있나요?,1개,2개,3개,4개,c,b,d,d,d,d
dev_0911.jpg,dev/dev_0911.jpg,사진에 보이는 재활용 가능한 플라스틱 병의 개수는 몇 개인가요?,1개,2개,3개,4개,b,c,c,c,b,c
dev_0912.jpg,dev/dev_0912.jpg,사진 속 재활용 상자 안에 들어있는 피자 박스는 몇 개입니까?,1개,2개,3개,4개,b,c,c,c,b,b
dev_0913.jpg,dev/dev_0913.jpg,사진에 보이는 투명 플라스틱 컵은 총 몇 개입니까?,3개,4개,5개,6개,d,d,c,b,a,d
dev_0917.jpg,dev/dev_0917.jpg,사진 속 쓰레기통 안에 있는 재활용품 중 종이 재질인 것은 무엇인가요?,파란색 종이봉투,흰색 플라스틱 용기,분홍색 종이컵 홀더,노란색 비닐봉지,b,a,a,c,a,a
dev_0918.jpg,dev/dev_0918.jpg,사진에 보이는 재활용 가능한 플라스틱 컵은 몇 개입니까?,1개,2개,3개,4개,a,a,b,a,a,a
dev_0919.jpg,dev/dev_0919.jpg,사진에 보이는 재활용 가능한 플라스틱 용기의 개수는 몇 개인가요?,3개,5개,7개,9개,b,a,c,d,c,c
dev_0920.jpg,dev/dev_0920.jpg,사진에 보이는 재활용품 중 종이 상자의 개수는 몇 개인가요?,5개,8개,11개,14개,b,c,c,b,c,c
dev_0921.jpg,dev/dev_0921.jpg,사진에 보이는 재활용 가능한 금속 용기는 몇 개입니까?,2개,3개,4개,5개,c,b,c,c,c,c
dev_0922.jpg,dev/dev_0922.jpg,책상 위에 있는 재활용 가능한 플라스틱 용기는 몇 개인가요?,1개,2개,3개,4개,a,c,b,b,a,a
dev_0924.jpg,dev/dev_0924.jpg,사진에 보이는 재활용품 중 플라스틱 병의 뚜껑 색깔은 무엇인가요?,초록색,파란색,빨간색,노란색,a,a,a,a,b,a
dev_0925.jpg,dev/dev_0925.jpg,사진에 보이는 재활용 가능한 병의 종류는 무엇인가요?,플라스틱 병,유리 병,금속 캔,종이 상자,a,b,b,d,a,a
dev_0928.jpg,dev/dev_0928.jpg,사진 속 포크의 재질은 무엇인가요?,금속,플라스틱,종이,유리,b,a,a,a,a,a
dev_0930.jpg,dev/dev_0930.jpg,사진에 보이는 재활용 가능한 유리병은 총 몇 개입니까?,7개,8개,9개,10개,c,c,c,d,d,d
dev_0931.jpg,dev/dev_0931.jpg,사진에 보이는 재활용품 중 플라스틱 컵은 총 몇 개입니까?,3개,4개,5개,6개,d,b,d,b,a,d
dev_0932.jpg,dev/dev_0932.jpg,사진에 보이는 투명 플라스틱 컵 중 빨대가 꽂혀 있는 컵은 몇 개입니까?,1개,2개,3개,4개,c,d,c,b,c,c
dev_0933.jpg,dev/dev_0933.jpg,사진에 보이는 재활용 가능한 플라스틱 컵은 몇 개인가요?,1개,2개,3개,4개,a,a,a,b,a,a
dev_0934.jpg,dev/dev_0934.jpg,사진에 보이는 재활용 가능한 플라스틱 병은 몇 개입니까?,1개,2개,3개,4개,d,d,c,b,c,d
dev_0935.jpg,dev/dev_0935.jpg,이 장면에서 재활용 가능한 플라스틱 용기는 몇 개입니까?,1개,2개,3개,4개,a,a,a,a,b,a
dev_0936.jpg,dev/dev_0936.jpg,사진 속 테이블 위에 놓인 재활용품은 무엇인가요?,플라스틱 병,유리병,종이컵,캔,a,a,d,d,a,a
dev_0937.jpg,dev/dev_0937.jpg,사진에 보이는 우유팩은 몇 개입니까?,1개,2개,3개,4개,b,b,b,c,a,a
dev_0938.jpg,dev/dev_0938.jpg,사진에 보이는 재활용 가능한 플라스틱 포장지는 몇 개입니까?,1개,2개,3개,4개,c,b,b,b,b,b
dev_0939.jpg,dev/dev_0939.jpg,사진에 보이는 재활용 봉투 안에 주로 어떤 재질의 재활용품이 들어있나요?,플라스틱 병과 캔,종이 상자와 종이컵,유리병과 금속 캔,비닐봉투와 음식물 쓰레기,b,c,a,c,a,a
dev_0940.jpg,dev/dev_0940.jpg,사진에 보이는 재활용품 중 종이 재질의 재활용품은 무엇인가요?,파란색 비닐봉지 안의 플라스틱 병,나무 옆에 놓인 종이 상자,바닥에 떨어진 흰색 종이컵,도로 위의 노란색 선,b,a,b,b,c,b
dev_0941.jpg,dev/dev_0941.jpg,사진에 보이는 재활용 가능한 용기의 재질은 무엇인가요?,플라스틱,종이,유리,금속,a,a,a,b,b,b
dev_0942.jpg,dev/dev_0942.jpg,책상 위에 있는 재활용 가능한 플라스틱 병은 몇 개입니까?,1개,2개,3개,없음,b,c,b,b,b,b
dev_0943.jpg,dev/dev_0943.jpg,사진에 보이는 재활용품은 무엇인가요?,플라스틱 컵 뚜껑,종이 조각,유리병,금속 캔,b,b,b,b,a,b
dev_0945.jpg,dev/dev_0945.jpg,사진에 보이는 재활용 가능한 플라스틱 뚜껑의 색깔은 무엇인가요?,흰색,검은색,투명,파란색,d,d,a,a,d,d
dev_0947.jpg,dev/dev_0947.jpg,사진에 보이는 재활용 가능한 플라스틱 컵은 몇 개인가요?,1개,2개,3개,4개,c,b,b,b,c,b
dev_0948.jpg,dev/dev_0948.jpg,사진 속 재활용품 중 플라스틱 컵은 몇 개 있나요?,1개,2개,3개,4개,a,a,a,b,c,a
dev_0949.jpg,dev/dev_0949.jpg,사진 속에서 재활용 가능한 플라스틱 병의 개수는 몇 개인가요?,1개,2개,3개,없음,a,c,a,c,c,a
dev_0950.jpg,dev/dev_0950.jpg,사진 속 상자 안에 보이는 재활용품은 무엇인가요?,종이컵 받침,플라스틱 병,종이 팩,종이 조각,d,c,d,d,c,d
dev_0951.jpg,dev/dev_0951.jpg,냉장고 안에 있는 재활용 가능한 병과 캔의 개수는 각각 몇 개인가요?,"병 6개, 캔 5개","병 5개, 캔 6개","병 7개, 캔 4개","병 4개, 캔 7개",a,d,b,b,b,b
dev_0952.jpg,dev/dev_0952.jpg,사진에 보이는 재활용 가능한 플라스틱 컵은 총 몇 개인가요?,5개,6개,7개,8개,c,b,c,a,a,b
dev_0953.jpg,dev/dev_0953.jpg,사진에 보이는 재활용 가능한 음료 용기는 몇 개입니까?,1개,2개,3개,4개,b,c,b,b,d,b
dev_0955.jpg,dev/dev_0955.jpg,사진에 보이는 와인 병 중에서 2008년 빈티지가 적힌 병은 몇 개인가요?,1개,2개,3개,4개,a,a,b,a,a,a
dev_0956.jpg,dev/dev_0956.jpg,사진에 보이는 재활용품 중 몇 개의 비닐 포장재가 있나요?,1개,2개,3개,4개,c,b,c,b,b,c
dev_0957.jpg,dev/dev_0957.jpg,사진 속 테이블 위에 있는 재활용 가능한 병은 몇 개입니까?,1개,2개,3개,4개,c,a,b,c,d,c
dev_0958.jpg,dev/dev_0958.jpg,사진에 보이는 종이컵 중 뚜껑이 덮여 있는 컵은 몇 개인가요?,뚜껑이 덮여 있는 컵은 1개이다.,뚜껑이 덮여 있는 컵은 2개이다.,뚜껑이 덮여 있는 컵은 3개이다.,뚜껑이 덮여 있는 컵은 없다.,b,d,d,a,d,d
dev_0960.jpg,dev/dev_0960.jpg,사진에 보이는 재활용 가능한 플라스틱 컵은 몇 개입니까?,1개,2개,3개,4개,b,c,c,b,c,c
dev_0961.jpg,dev/dev_0961.jpg,사진 속에서 재활용 가능한 플라스틱 컵은 몇 개 있나요?,1개,2개,3개,4개,b,b,b,c,c,c
dev_0962.jpg,dev/dev_0962.jpg,사진에 보이는 재활용품 중 플라스틱 용기의 개수는 몇 개인가요?,3개,4개,5개,6개,a,a,d,a,b,a
dev_0965.jpg,dev/dev_0965.jpg,사진 속 컵은 어떤 재질의 재활용품인가요?,종이컵,플라스틱 컵,유리병,금속 캔,a,b,a,b,b,b
dev_0966.jpg,dev/dev_0966.jpg,사진 속 흰색 테이블 위에 놓인 재활용 가능한 플라스틱 컵은 몇 개입니까?,3개,4개,5개,6개,d,d,d,d,c,d
dev_0968.jpg,dev/dev_0968.jpg,사진에 보이는 재활용품 중 플라스틱 병의 개수는 몇 개입니까?,1개,2개,3개,4개,c,c,b,b,c,c
dev_0970.jpg,dev/dev_0970.jpg,사진에 보이는 재활용 가능한 플라스틱 병은 어디에 있나요?,검은색 옷 위에,하얀색 가방 옆에,바닥에,책상 아래에,b,b,a,a,b,b
dev_0971.jpg,dev/dev_0971.jpg,사진에 보이는 재활용 가능한 플라스틱 병은 몇 개입니까?,1개,2개,3개,4개,a,b,a,b,b,b
dev_0973.jpg,dev/dev_0973.jpg,사진에 보이는 재활용품 중 플라스틱 병은 몇 개입니까?,1개,2개,3개,4개,a,a,a,b,b,a
dev_0976.jpg,dev/dev_0976.jpg,사진에 보이는 재활용품 중 플라스틱 컵은 몇 개입니까?,1개,2개,3개,4개,c,c,b,c,b,b
dev_0978.jpg,dev/dev_0978.jpg,사진 속 재활용품 중 종이 재질의 포장지는 몇 개입니까?,1개,2개,3개,4개,a,c,a,b,a,a
dev_0979.jpg,dev/dev_0979.jpg,사진 속 책상 위에 있는 재활용 가능한 플라스틱 병은 몇 개입니까?,1개,2개,3개,4개,b,a,c,c,c,c
dev_0980.jpg,dev/dev_0980.jpg,사진에 보이는 재활용 가능한 음료 용기는 몇 개입니까?,1개,2개,3개,4개,d,c,a,c,d,c
dev_0981.jpg,dev/dev_0981.jpg,사진 속 음료 컵과 젤라토 용기의 재활용 분류는 무엇인가요?,플라스틱과 종이,유리와 금속,플라스틱과 플라스틱,종이와 유리,b,a,a,c,a,a
dev_0982.jpg,dev/dev_0982.jpg,사진에 보이는 재활용품 중 종이 재질의 상자는 몇 개입니까?,1개,2개,3개,4개,d,b,c,c,b,b
dev_0983.jpg,dev/dev_0983.jpg,사진에 보이는 재활용 가능한 포장재는 어떤 재질인가요?,종이,플라스틱,알루미늄 호일,유리,c,c,c,b,c,c
dev_0984.jpg,dev/dev_0984.jpg,사진에 보이는 재활용 가능한 유리병은 몇 개인가요?,1개,2개,3개,4개,b,a,b,b,c,b
dev_0985.jpg,dev/dev_0985.jpg,사진 속 재활용대 위에 놓인 재활용품 중 종이팩은 몇 개입니까?,2개,3개,4개,5개,b,b,a,c,b,b
dev_0987.jpg,dev/dev_0987.jpg,사진에 보이는 재활용 가능한 플라스틱 용기의 개수는 몇 개인가요?,1개,2개,3개,4개,c,c,d,c,d,b
dev_0988.jpg,dev/dev_0988.jpg,사진 속 쓰레기통에 들어있는 재활용 가능한 플라스틱 컵은 몇 개인가요?,2개,3개,4개,5개,d,c,c,c,b,c
dev_0990.jpg,dev/dev_0990.jpg,사진에 보이는 재활용품 중 플라스틱 컵은 몇 개입니까?,1개,2개,3개,4개,a,a,b,a,b,a
dev_0991.jpg,dev/dev_0991.jpg,사진에 보이는 재활용품 중 종이상자의 개수는 몇 개인가요?,1개,2개,3개,4개,b,d,d,c,d,d
dev_0993.jpg,dev/dev_0993.jpg,사진에 보이는 재활용 가능한 플라스틱 바구니는 몇 개입니까?,3개,5개,7개,9개,c,d,c,d,d,d
dev_0994.jpg,dev/dev_0994.jpg,사진에 보이는 재활용 가능한 플라스틱 컵은 몇 개입니까?,1개,2개,3개,없음,a,b,a,b,a,a
dev_0995.jpg,dev/dev_0995.jpg,사진에 보이는 재활용품 중 플라스틱 용기의 개수는 몇 개인가요?,2개,3개,4개,5개,c,d,b,d,d,d
dev_0997.jpg,dev/dev_0997.jpg,사진에 보이는 재활용품 중 플라스틱 재질의 물건은 무엇인가요?,선풍기,종이박스,금속문,프린터기,d,a,d,d,d,d
dev_0999.jpg,dev/dev_0999.jpg,사진 속 나무 벤치 위에 놓인 재활용 가능한 병은 몇 개입니까?,15개,17개,19개,21개,d,d,b,d,d,d
dev_1001.jpg,dev/dev_1001.jpg,사진 속 흰색 바구니 안에 있는 재활용품 중 플라스틱 병은 몇 개입니까?,1개,2개,3개,4개,b,a,b,b,a,b
dev_1002.jpg,dev/dev_1002.jpg,사진에 보이는 재활용 가능한 플라스틱 용기는 몇 개입니까?,1개,2개,3개,4개,a,b,a,a,a,a
dev_1003.jpg,dev/dev_1003.jpg,사진 속 재활용품 중 알루미늄 포장지는 몇 개입니까?,1개,2개,3개,4개,c,c,a,c,a,c
dev_1005.jpg,dev/dev_1005.jpg,사진에 보이는 재활용품 중 종이류는 몇 개입니까?,1개,2개,3개,4개,c,b,c,b,c,c
dev_1006.jpg,dev/dev_1006.jpg,사진 속 재활용품의 재질은 무엇인가요?,유리,플라스틱,금속,종이,a,b,b,a,b,b
dev_1009.jpg,dev/dev_1009.jpg,사진에 보이는 재활용품 중 플라스틱 재질의 용기는 몇 개입니까?,1개,2개,3개,4개,b,c,b,b,b,c
dev_1011.jpg,dev/dev_1011.jpg,사진 속 테이블 위에 있는 재활용 가능한 유리병은 몇 개입니까?,15개,18개,20개,22개,b,c,c,c,c,c
dev_1013.jpg,dev/dev_1013.jpg,사진에 보이는 재활용 가능한 플라스틱 컵은 몇 개인가요?,3개,4개,5개,6개,c,b,d,d,c,c
dev_1014.jpg,dev/dev_1014.jpg,사진에 보이는 재활용 가능한 플라스틱 병은 몇 개입니까?,1개,2개,3개,4개,c,d,b,c,b,c
dev_1015.jpg,dev/dev_1015.jpg,사진에 보이는 재활용품 중 플라스틱 재질인 것은 무엇인가요?,투명 페트병,갈색 플라스틱 트레이,투명 플라스틱 뚜껑,위 세 가지 모두,a,a,d,d,d,d
dev_1016.jpg,dev/dev_1016.jpg,사진에 보이는 재활용 가능한 플라스틱 포장재는 몇 개입니까?,하나,두 개,세 개,네 개,a,a,d,b,a,a
dev_1017.jpg,dev/dev_1017.jpg,사진에 보이는 재활용 가능한 플라스틱 컵은 몇 개입니까?,1개,2개,3개,없음,d,d,a,a,d,d
dev_1020.jpg,dev/dev_1020.jpg,사진 속 재활용품 중에서 플라스틱 병의 개수는 몇 개인가요?,1개,2개,3개,4개,b,c,c,c,c,c
dev_1021.jpg,dev/dev_1021.jpg,사진 속 비닐봉지 안에 보이는 재활용품 중 플라스틱 병은 몇 개입니까?,1개,2개,3개,4개,c,a,a,a,a,a
dev_1023.jpg,dev/dev_1023.jpg,사진 속 비닐봉지 안에 보이는 재활용품 중 가장 많은 종류는 무엇인가요?,플라스틱 컵,종이컵,유리병,금속 캔,b,b,a,b,b,b
dev_1024.jpg,dev/dev_1024.jpg,사진에 보이는 재활용품 중 플라스틱 병의 개수는 몇 개인가요?,3개,5개,7개,9개,d,d,d,d,c,d
dev_1025.jpg,dev/dev_1025.jpg,책상 위에 있는 과자 상자 중 재활용 가능한 종이 상자는 몇 개입니까?,1개,2개,3개,4개,d,a,d,c,d,d
dev_1026.jpg,dev/dev_1026.jpg,사진에 보이는 재활용 가능한 플라스틱 용기는 무엇인가요?,빨간색 플라스틱 통,흰색 플라스틱 병,검은색 고무 타이어,노란색과 검은색의 경고 표지,c,a,a,c,b,a
dev_1027.jpg,dev/dev_1027.jpg,사진에 보이는 재활용 가능한 플라스틱 용기의 개수는 몇 개인가요?,1개,2개,3개,4개,a,c,d,c,c,c
dev_1028.jpg,dev/dev_1028.jpg,사진에 보이는 재활용 가능한 플라스틱 컵은 몇 개입니까?,2개,3개,4개,5개,b,c,b,d,b,b
dev_1029.jpg,dev/dev_1029.jpg,사진 속 재활용품 중 플라스틱 병은 몇 개 있나요?,1개,2개,3개,4개,b,c,b,c,c,c
dev_1030.jpg,dev/dev_1030.jpg,사진 속에서 재활용 가능한 플라스틱 병은 몇 개 있나요?,10개,12개,14개,16개,d,b,d,d,d,d
dev_1031.jpg,dev/dev_1031.jpg,사진에 보이는 재활용 가능한 금속 용기는 무엇인가요?,텀블러,알루미늄 캔,플라스틱 병,유리병,a,b,b,a,b,b
dev_1033.jpg,dev/dev_1033.jpg,사진에 보이는 재활용품 중 종이 재질의 상자는 몇 개입니까?,1개,2개,3개,4개,a,b,a,b,c,b
dev_1034.jpg,dev/dev_1034.jpg,사진에 보이는 재활용품 중 종이 재질의 상자는 몇 개입니까?,1개,2개,3개,4개,c,a,d,d,d,d
dev_1037.jpg,dev/dev_1037.jpg,사진에 보이는 재활용품 중 플라스틱 용기는 몇 개입니까?,2개,3개,4개,5개,d,d,d,a,c,d
dev_1038.jpg,dev/dev_1038.jpg,사진 속 투명한 플라스틱 케이스 안에 들어있는 재활용품은 무엇인가요?,칫솔,볼펜,빨대,젓가락,b,a,d,a,d,a
dev_1042.jpg,dev/dev_1042.jpg,사진 속 재활용품 중에서 스티로폼 상자의 개수는 몇 개인가요?,1개,2개,3개,4개,a,a,a,b,b,b
dev_1043.jpg,dev/dev_1043.jpg,사진에 보이는 재활용 가능한 플라스틱 용기의 개수는 몇 개인가요?,1개,2개,3개,4개,c,b,a,a,a,a
dev_1045.jpg,dev/dev_1045.jpg,사진 속 재활용 가능한 플라스틱 컵은 총 몇 개인가요?,1개,2개,3개,4개,d,d,d,d,c,d
dev_1046.jpg,dev/dev_1046.jpg,사진 속 검은색 가방 안에 보이는 재활용 가능한 아이템은 무엇인가요?,종이팩,플라스틱 포장지,유리병,금속 캔,b,a,b,a,b,b
dev_1047.jpg,dev/dev_1047.jpg,사진에 보이는 재활용 가능한 플라스틱 컵은 몇 개입니까?,2개,3개,4개,5개,c,b,b,c,a,d
dev_1048.jpg,dev/dev_1048.jpg,사진에 보이는 재활용품 중 플라스틱 재질은 무엇인가요?,투명한 앰플 용기,분홍색 과자 봉지,과자 봉지와 앰플 용기 모두,재활용품이 없음,c,a,c,a,a,a
dev_1049.jpg,dev/dev_1049.jpg,사진에 보이는 재활용품 중 플라스틱 용기의 개수는 몇 개인가요?,1개,2개,3개,4개,c,c,a,,c,c
dev_1052.jpg,dev/dev_1052.jpg,사진 속 재활용품 중 종이 재질로 분류되는 것은 무엇인가요?,빵 포장 비닐,약 상자,빵 포장 비닐과 약 상자 모두,빵 포장 비닐과 약 상자 모두 아님,c,a,b,b,b,b
dev_1054.jpg,dev/dev_1054.jpg,사진에 보이는 재활용품 중에서 플라스틱 병의 개수는 몇 개인가요?,1개,2개,3개,4개,a,a,a,b,b,b
dev_1056.jpg,dev/dev_1056.jpg,사진에 보이는 재활용 가능한 플라스틱 용기의 색상은 무엇인가요?,투명,노란색,갈색,검정색,a,a,b,a,b,a
dev_1057.jpg,dev/dev_1057.jpg,사진에 보이는 투명 플라스틱 컵 중 빨대가 꽂혀 있는 컵은 몇 개인가요?,1개,2개,3개,4개,d,c,b,d,d,d
dev_1061.jpg,dev/dev_1061.jpg,사진에 보이는 재활용품 중 종이 재질의 개수는 몇 개인가요?,1개,2개,3개,4개,c,c,b,d,c,d
dev_1062.jpg,dev/dev_1062.jpg,사진에 보이는 재활용품 중 플라스틱 재질인 것은 무엇인가요?,투명 페트병,갈색 초콜릿 포장 트레이,금색 플라스틱 트레이,위 세 가지 모두,b,d,a,d,d,d
dev_1064.jpg,dev/dev_1064.jpg,거울 앞 선반 위에 있는 재활용 가능한 플라스틱 용기는 몇 개입니까?,1개,2개,3개,4개,a,c,,d,d,d
dev_1065.jpg,dev/dev_1065.jpg,사진에 보이는 재활용 가능한 플라스틱 병은 몇 개인가요?,1개,2개,3개,4개,d,d,b,b,c,d
dev_1066.jpg,dev/dev_1066.jpg,사진 속 재활용 가능한 플라스틱 컵은 몇 개 있나요?,1개,2개,3개,4개,c,b,b,b,a,c
dev_1070.jpg,dev/dev_1070.jpg,사진 속 재활용품인 플라스틱 컵과 빨대에 대한 설명으로 옳은 것은 무엇인가요?,플라스틱 컵과 빨대 모두 재활용이 가능하다.,플라스틱 컵은 재활용 가능하지만 빨대는 재활용 불가하다.,빨대는 재활용 가능하지만 플라스틱 컵은 재활용 불가하다.,플라스틱 컵과 빨대 모두 재활용이 불가능하다.,b,a,b,a,a,a
dev_1071.jpg,dev/dev_1071.jpg,사진에 보이는 재활용 가능한 플라스틱 컵은 몇 개인가요?,1개,2개,3개,4개,c,d,b,c,c,c
dev_1072.jpg,dev/dev_1072.jpg,사진 속 벤치 앞에 놓인 재활용품 중에 포함되지 않은 것은 무엇인가요?,플라스틱 컵,종이컵,캔,유리병,d,d,d,b,b,d
dev_1075.jpg,dev/dev_1075.jpg,사진 속 테이블 위에 있는 재활용 가능한 유리병은 몇 개입니까?,5개,7개,9개,11개,a,d,d,d,d,d
dev_1077.jpg,dev/dev_1077.jpg,사진에 보이는 재활용품 중 일회용 컵의 재질은 무엇인가요?,종이컵,플라스틱 컵,유리병,금속 캔,b,a,b,a,b,a
dev_1078.jpg,dev/dev_1078.jpg,사진에서 재활용 가능한 플라스틱 품목은 몇 개 보이나요?,1개,2개,3개,4개,c,a,a,a,c,b
dev_1081.jpg,dev/dev_1081.jpg,사진에 보이는 재활용 가능한 포장지의 개수는 몇 개인가요?,5개,6개,7개,8개,d,d,c,d,c,d
dev_1082.jpg,dev/dev_1082.jpg,사진에 보이는 재활용 가능한 플라스틱 용기의 개수는 몇 개인가요?,1개,2개,3개,4개,c,b,b,d,b,b
dev_1084.jpg,dev/dev_1084.jpg,사진 속 재활용 가능한 플라스틱 용기는 몇 개 있나요?,1개,2개,3개,4개,a,c,c,a,c,c
dev_1087.jpg,dev/dev_1087.jpg,사진 속 쓰레기통 위에 보이는 재활용 가능한 플라스틱 병의 개수는 몇 개인가요?,1개,2개,3개,4개,b,a,a,c,a,a
dev_1088.jpg,dev/dev_1088.jpg,사진 속 재활용품 중 플라스틱 용기는 몇 개입니까?,1개,2개,3개,4개,b,b,c,c,c,c
dev_1089.jpg,dev/dev_1089.jpg,사진에 보이는 재활용품 중 유리병은 몇 개입니까?,1개,2개,3개,4개,b,a,c,b,a,a
dev_1090.jpg,dev/dev_1090.jpg,사진에 보이는 재활용품 중 골판지 상자의 개수는 몇 개인가요?,1개,2개,3개,4개,c,a,d,d,b,d
dev_1092.jpg,dev/dev_1092.jpg,사진에 보이는 재활용품 중 상자의 개수는 몇 개인가요?,1개,2개,3개,4개,d,d,b,d,d,d
dev_1093.jpg,dev/dev_1093.jpg,사진에 보이는 재활용 가능한 플라스틱 용기는 무엇인가요?,분홍색 튜브형 용기,파란색 물병,투명한 비닐 포장지,빨간색 비닐 포장지,c,c,a,a,a,a
dev_1094.jpg,dev/dev_1094.jpg,사진에 보이는 재활용 쓰레기통 중 'PET(페트병)' 분리수거함에는 어떤 종류의 재활용품이 주로 들어있나요?,종이 상자,플라스틱 병,캔,유리병,b,a,a,b,a,b
dev_1096.jpg,dev/dev_1096.jpg,사진 속에서 재활용 가능한 플라스틱 공이 놓여진 곳은 어디인가요?,물통 안,금속 그릇 안,플라스틱 바구니 안,물 위,d,b,a,a,c,a
dev_1097.jpg,dev/dev_1097.jpg,사진에 보이는 재활용 가능한 플라스틱 병은 어디에 놓여 있나요?,음식이 담긴 접시 옆,문 앞 바닥 중앙,벽과 바닥 모서리,배수관 옆,c,c,a,a,c,c
dev_1098.jpg,dev/dev_1098.jpg,사진에 보이는 재활용 가능한 플라스틱 컵은 몇 개입니까?,1개,2개,3개,4개,c,d,d,d,d,d
dev_1099.jpg,dev/dev_1099.jpg,사진 속 재활용 가능한 음료 용기는 몇 개입니까?,1개,2개,3개,4개,a,b,b,c,b,b
dev_0001.jpg,dev/dev_0001.jpg,사진 속 재활용 봉투 중 플라스틱 병이 보이는 봉투는 어느 색인가요?,녹색 봉투,흰색 봉투,투명 봉투,검정 봉투,a,b,a,a,b,a
dev_0002.jpg,dev/dev_0002.jpg,사진에 보이는 재활용 가능한 유리병은 몇 개입니까?,2개,3개,4개,5개,c,b,c,c,c,c
dev_0003.jpg,dev/dev_0003.jpg,사진 속 쓰레기봉투 안에 있는 재활용 가능한 플라스틱 컵은 몇 개입니까?,1개,2개,3개,4개,a,b,b,b,c,a
dev_0004.jpg,dev/dev_0004.jpg,사진에 보이는 이클립스 껌 상자의 재활용 분류는 무엇인가요?,종이류,플라스틱류,유리병류,금속류,d,d,b,d,d,d
dev_0005.jpg,dev/dev_0005.jpg,테이블 위에 놓인 재활용 가능한 컵 뚜껑은 몇 개입니까?,3개,4개,5개,6개,d,c,c,c,d,d
dev_0006.jpg,dev/dev_0006.jpg,사진 속 재활용품 중 플라스틱 재질로 보이는 것은 무엇인가요?,투명 비닐봉지,종이 상자,분홍색 원뿔 모양 물체,휴지 상자,a,c,c,c,a,c
dev_0007.jpg,dev/dev_0007.jpg,사진에 보이는 재활용품 중 금속 재질인 것은 무엇인가요?,플라스틱 컵,알루미늄 캔,유리병,종이팩,b,b,a,c,b,b
dev_0008.jpg,dev/dev_0008.jpg,사진 속 검은색 쓰레기봉투 안에 보이는 재활용품 중 플라스틱 병은 몇 개입니까?,1개,2개,3개,4개,b,a,a,b,c,b
dev_0009.jpg,dev/dev_0009.jpg,사진에 보이는 재활용품 중 골판지 상자 안에 들어있는 재활용품은 무엇인가요?,플라스틱 병,유리병,종이 상자,금속 캔,b,c,c,c,c,c
dev_0010.jpg,dev/dev_0010.jpg,사진 속 재활용 가능한 플라스틱 병은 몇 개입니까?,1개,2개,3개,없음,b,a,a,b,a,a
dev_0011.jpg,dev/dev_0011.jpg,사진에 보이는 재활용 가능한 플라스틱 컵은 몇 개입니까?,1개,2개,3개,4개,b,c,b,c,c,c
dev_0012.jpg,dev/dev_0012.jpg,사진에 보이는 재활용 가능한 플라스틱 컵은 총 몇 개입니까?,2개,3개,4개,5개,d,d,c,d,,d
dev_0013.jpg,dev/dev_0013.jpg,사진에 보이는 재활용품 중 종이 상자의 개수는 몇 개인가요?,1개,2개,3개,4개,b,c,b,b,c,c
dev_0014.jpg,dev/dev_0014.jpg,사진에 보이는 재활용품 중 플라스틱 재질은 무엇인가요?,투명한 원형 용기,종이 상자,플라스틱 컵,손 세정제 용기,c,c,a,a,c,c
dev_0015.jpg,dev/dev_0015.jpg,사진에 보이는 재활용 가능한 플라스틱 병은 몇 개입니까?,2개,3개,4개,5개,c,b,b,b,c,c
dev_0016.jpg,dev/dev_0016.jpg,사진 속 책상 위에 있는 재활용 가능한 플라스틱 음료 용기는 몇 개인가요?,1개,2개,3개,4개,c,a,c,a,b,c
dev_0017.jpg,dev/dev_0017.jpg,사진에 보이는 재활용 가능한 플라스틱 병은 어디에 있나요?,모니터 뒤쪽에 있다.,마우스 오른쪽에 있다.,키보드 왼쪽에 있다.,마우스 패드 위에 있다.,a,a,d,b,d,a
dev_0018.jpg,dev/dev_0018.jpg,사진 속 재활용 쓰레기통 안에 있는 플라스틱 병의 개수는 몇 개인가요?,1개,2개,3개,4개,a,b,a,b,b,a
dev_0019.jpg,dev/dev_0019.jpg,사진에 보이는 재활용품 중 종이상자의 개수는 몇 개인가요?,3개,5개,7개,9개,d,c,c,d,c,c
dev_0020.jpg,dev/dev_0020.jpg,사진에 보이는 재활용 가능한 플라스틱 병의 용량은 얼마인가요?,500ml,600ml,750ml,1리터,a,b,a,b,a,b
dev_0021.jpg,dev/dev_0021.jpg,사진 속 테이블 위에 있는 재활용 가능한 유리병은 몇 개입니까?,7개,8개,9개,10개,c,b,a,c,c,c
dev_0022.jpg,dev/dev_0022.jpg,사진 속 재활용품 중 알루미늄 캔이 몇 개 있나요?,8개,10개,12개,14개,d,c,d,d,a,d
dev_0023.jpg,dev/dev_0023.jpg,사진에 보이는 재활용품 중 종이상자의 개수는 몇 개인가요?,3개,5개,7개,9개,c,d,c,c,d,d
dev_0024.jpg,dev/dev_0024.jpg,사진 속 재활용품 중 알루미늄 캔의 개수는 몇 개인가요?,5개,10개,15개,20개,d,d,d,c,d,d
dev_0025.jpg,dev/dev_0025.jpg,사진에 보이는 재활용품 중 플라스틱 재질의 컵은 몇 개인가요?,1개,2개,3개,4개,a,b,a,b,a,a
dev_0026.jpg,dev/dev_0026.jpg,사진에 보이는 재활용품 중 플라스틱 용기는 어디에 있나요?,박스 안에 흰색 플라스틱 용기,갈색 종이봉투 안에 있는 플라스틱 용기,초록색 봉지 안에 있는 플라스틱 용기,투명 비닐봉지 안에 있는 플라스틱 용기,d,a,b,a,b,a
dev_0027.jpg,dev/dev_0027.jpg,사진 속에 보이는 재활용 가능한 플라스틱 용기는 몇 개입니까?,1개,2개,3개,4개,a,a,b,a,b,a
dev_0028.jpg,dev/dev_0028.jpg,사진에 보이는 재활용 가능한 종이 포장재는 몇 개입니까?,2개,3개,4개,5개,b,d,a,c,d,d
dev_0029.jpg,dev/dev_0029.jpg,사진에 보이는 재활용품 중 종이 재질의 상자는 몇 개입니까?,2개,3개,4개,5개,d,c,d,d,d,d
dev_0030.jpg,dev/dev_0030.jpg,사진에 보이는 재활용품 중 종이 재질인 것은 무엇인가요?,하얀색 책자,주황색 플라스틱 조각,검은색 전선,하얀색 책상,a,d,a,a,d,a
dev_0031.jpg,dev/dev_0031.jpg,사진에 보이는 재활용 가능한 플라스틱 포장된 사탕은 몇 개입니까?,3개,4개,5개,6개,c,d,c,d,c,d
dev_0032.jpg,dev/dev_0032.jpg,사진에 보이는 재활용품 중 종이류는 몇 개입니까?,1개,2개,3개,4개,a,d,d,d,c,d
dev_0033.jpg,dev/dev_0033.jpg,사진에 보이는 재활용품 중 골판지 상자의 개수는 몇 개인가요?,1개,2개,3개,4개,d,d,d,d,c,d
dev_0034.jpg,dev/dev_0034.jpg,사진에 보이는 곱창 캔의 재활용 분류는 무엇인가요?,플라스틱,종이,금속,유리,a,c,a,c,c,c
dev_0035.jpg,dev/dev_0035.jpg,사진에 보이는 재활용 가능한 플라스틱 컵 중 뚜껑과 빨대가 모두 있는 컵은 몇 개인가요?,1개,2개,3개,4개,b,c,c,d,c,c
dev_0036.jpg,dev/dev_0036.jpg,책상 위에 보이는 재활용 가능한 플라스틱 용기는 무엇인가요?,검은색 텀블러,초록색 양배추즙 팩,파란색 튜브형 용기,분홍색 음료수 병,c,a,d,d,a,d
dev_0037.jpg,dev/dev_0037.jpg,사진에 보이는 재활용 가능한 플라스틱 컵은 몇 개입니까?,1개,2개,3개,4개,b,a,b,a,a,b
dev_0038.jpg,dev/dev_0038.jpg,사진 속 책상 위에 놓인 재활용 가능한 플라스틱 병의 개수는 몇 개인가요?,1개,2개,3개,4개,a,c,c,c,c,d
dev_0039.jpg,dev/dev_0039.jpg,사진에서 바닥에 떨어져 있는 재활용 가능한 품목은 무엇인가요?,플라스틱 병,종이컵,유리병,금속 캔,d,b,d,a,b,d
dev_0040.jpg,dev/dev_0040.jpg,사진 속에서 재활용할 수 있는 유리병은 몇 개 있나요?,1개,2개,3개,4개,c,c,b,b,b,b
dev_0041.jpg,dev/dev_0041.jpg,사진 속 선반에 있는 재활용 가능한 플라스틱 컵은 몇 개입니까?,3개,4개,5개,6개,d,d,d,b,d,d
dev_0042.jpg,dev/dev_0042.jpg,사진에 보이는 페트병의 개수는 몇 개인가요?,5개,6개,7개,8개,b,b,b,a,b,b
dev_0043.jpg,dev/dev_0043.jpg,사진에 보이는 재활용 가능한 플라스틱 포장지는 몇 개입니까?,1개,2개,3개,4개,b,d,d,d,d,d
dev_0044.jpg,dev/dev_0044.jpg,사진에 보이는 재활용 가능한 플라스틱 용기의 개수는 몇 개인가요?,3개,4개,5개,6개,d,d,d,b,c,d
dev_0045.jpg,dev/dev_0045.jpg,사진에 보이는 재활용 가능한 플라스틱 용기의 개수는 몇 개인가요?,7개,8개,9개,10개,b,b,d,d,d,b
dev_0047.jpg,dev/dev_0047.jpg,사진 속 재활용 가능한 컵 중 플라스틱 재질인 것은 어느 것인가요?,빨대가 꽂힌 투명한 컵,흰색 종이컵,테이블 위에 놓인 두 컵 모두,재활용 가능한 컵이 없음,a,c,a,a,b,a
dev_0048.jpg,dev/dev_0048.jpg,사진에 보이는 재활용 가능한 플라스틱 병은 몇 개입니까?,1개,3개,5개,7개,c,d,b,b,c,c
dev_0049.jpg,dev/dev_0049.jpg,사진 속 책상 위에 있는 재활용 가능한 플라스틱 컵은 몇 개입니까?,1개,2개,3개,4개,b,b,b,b,a,c
dev_0051.jpg,dev/dev_0051.jpg,사진 속 재활용 쓰레기통 안에 있는 유리병은 몇 개입니까?,1개,2개,3개,4개,d,c,b,b,c,b
dev_0052.jpg,dev/dev_0052.jpg,사진에 보이는 재활용 가능한 플라스틱 컵은 몇 개입니까?,20개 이상,10개 이상 20개 미만,5개 이상 10개 미만,5개 미만,a,b,b,b,a,b
dev_0054.jpg,dev/dev_0054.jpg,사진에 보이는 페트병 중 파란색 뚜껑을 가진 페트병은 몇 개입니까?,1개,2개,3개,4개,d,d,b,b,b,b
dev_0056.jpg,dev/dev_0056.jpg,사진에 보이는 컵홀더의 재질은 무엇인가요?,종이,플라스틱,금속,유리,a,a,b,b,b,a
dev_0057.jpg,dev/dev_0057.jpg,사진 속 흰색 바구니 안에 있는 재활용 가능한 플라스틱 병은 몇 개입니까?,1개,2개,3개,4개,c,c,d,a,d,b
dev_0058.jpg,dev/dev_0058.jpg,사진에 보이는 플라스틱 용기의 개수는 몇 개인가요?,3개,4개,5개,6개,a,b,b,b,b,d
dev_0059.jpg,dev/dev_0059.jpg,사진에 보이는 재활용 가능한 플라스틱 용기는 몇 개인가요?,1개,2개,3개,4개,c,b,b,b,b,c
dev_0060.jpg,dev/dev_0060.jpg,사진에 보이는 재활용 가능한 유리병 중 '참이슬' 브랜드 병은 몇 개입니까?,2개,3개,4개,5개,b,c,c,c,d,c
dev_0062.jpg,dev/dev_0062.jpg,사진에 보이는 투명한 컵은 몇 개입니까?,3개,4개,5개,6개,c,c,c,a,b,c
dev_0064.jpg,dev/dev_0064.jpg,사진에 보이는 재활용 가능한 플라스틱 병은 몇 개입니까?,10개,12개,14개,16개,c,d,c,b,d,c
dev_0065.jpg,dev/dev_0065.jpg,사진에 보이는 재활용 가능한 병 중에서 투명한 플라스틱 병은 몇 개입니까?,1개,2개,3개,4개,b,d,c,b,d,b
dev_0068.jpg,dev/dev_0068.jpg,사진에 보이는 재활용품 중 캔은 몇 개 있나요?,1개,2개,3개,없다,b,d,b,b,b,b
dev_0069.jpg,dev/dev_0069.jpg,사진 속 쓰레기통 안에 있는 재활용 가능한 플라스틱 병의 개수는 몇 개인가요?,1개,2개,3개,4개,a,b,b,a,b,b
dev_0070.jpg,dev/dev_0070.jpg,사진 속 재활용품 중 플라스틱 병은 몇 개입니까?,1개,2개,3개,4개,b,a,a,a,b,b
dev_0071.jpg,dev/dev_0071.jpg,사진에 보이는 재활용 가능한 플라스틱 컵은 몇 개입니까?,1개,2개,3개,4개,d,b,c,c,c,d
dev_0072.jpg,dev/dev_0072.jpg,사진 속 재활용품 중 플라스틱 재질의 용기는 몇 개 있나요?,1개,2개,3개,4개,c,c,c,d,b,d
dev_0074.jpg,dev/dev_0074.jpg,사진 속 테이블 위에 놓인 재활용품은 무엇인가요?,플라스틱 뚜껑,종이컵,플라스틱 파우치,유리병,c,a,c,a,a,a
dev_0075.jpg,dev/dev_0075.jpg,사진 속 재활용 쓰레기통 안에 보이는 플라스틱 봉투는 몇 개입니까?,1개,2개,3개,4개,b,a,a,c,d,b
dev_0076.jpg,dev/dev_0076.jpg,사진 속 나무에 걸려 있는 재활용 가능한 플라스틱 병은 몇 개입니까?,1개,2개,3개,4개,d,c,a,d,c,c
dev_0077.jpg,dev/dev_0077.jpg,사진에 보이는 재활용품 중 플라스틱 재질인 것은 무엇인가요?,투명한 플라스틱 용기,흰색 전자기기,금속 스피커 그릴,천 재질 끈,a,c,a,b,c,a
dev_0078.jpg,dev/dev_0078.jpg,사진에 보이는 재활용 가능한 용기의 재질은 무엇인가요?,유리병,플라스틱병,종이팩,금속캔,b,b,a,a,a,a
dev_0079.jpg,dev/dev_0079.jpg,사진 속 재활용 가능한 알루미늄 캔의 개수는 몇 개인가요?,1개,2개,3개,없음,a,a,b,a,b,c
dev_0080.jpg,dev/dev_0080.jpg,사진에 보이는 재활용품 중 플라스틱 병은 몇 개입니까?,1개,2개,3개,4개,a,b,b,d,d,d
dev_0081.jpg,dev/dev_0081.jpg,책장 아래 칸에 보이는 재활용 가능한 금속 캔은 몇 개입니까?,1개,2개,3개,4개,b,a,b,a,a,b
dev_0082.jpg,dev/dev_0082.jpg,사진에 보이는 재활용품 중 종이 재질로 분류되는 것은 무엇인가요?,초코칩 쿠키 상자,플라스틱 병,종이팩,유리병,a,c,a,c,a,a
dev_0083.jpg,dev/dev_0083.jpg,사진 속 재활용 쓰레기통 안에 보이는 플라스틱 컵은 몇 개입니까?,1개,2개,3개,4개,a,b,c,a,a,a
dev_0084.jpg,dev/dev_0084.jpg,사진 속 재활용 가능한 플라스틱 컵은 몇 개입니까?,1개,2개,3개,4개,b,a,b,a,b,b
dev_0085.jpg,dev/dev_0085.jpg,사진에 보이는 피자 박스는 몇 개입니까?,5개,6개,7개,8개,c,b,c,b,b,b
dev_0087.jpg,dev/dev_0087.jpg,사진 속 재활용 쓰레기통 안에 있는 플라스틱 컵은 몇 개입니까?,1개,2개,3개,4개,c,d,b,c,c,c
dev_0088.jpg,dev/dev_0088.jpg,사진에 보이는 우유팩의 용량은 얼마인가요?,500 mL,900 mL,1 L,1.5 L,a,c,b,a,c,b
dev_0090.jpg,dev/dev_0090.jpg,사진에 보이는 재활용 가능한 플라스틱 용기는 몇 개입니까?,1개,2개,3개,4개,d,b,b,d,d,d
dev_0091.jpg,dev/dev_0091.jpg,사진에 보이는 재활용품 중 종이류는 어디에 주로 모여 있나요?,왼쪽 검은색 봉투 안,가운데 노란색 상자 안,오른쪽 파란색 봉투 안,바닥에 흩어져 있음,b,b,d,b,c,d
dev_0093.jpg,dev/dev_0093.jpg,사진 속 재활용 쓰레기통 안에 가장 많이 보이는 재활용품 종류는 무엇인가요?,캔,플라스틱 병,종이,유리병,a,a,a,b,b,a
dev_0094.jpg,dev/dev_0094.jpg,사진 속 재활용 가능한 플라스틱 컵은 몇 개 있나요?,1개,2개,3개,4개,a,a,b,a,b,b
dev_0096.jpg,dev/dev_0096.jpg,사진에 보이는 재활용품 중 플라스틱 재질인 것은 무엇인가요?,종이봉투,플라스틱 컵과 빨대,마우스패드,카펫,a,c,b,b,b,b
dev_0097.jpg,dev/dev_0097.jpg,사진에 보이는 재활용 가능한 플라스틱 병은 몇 개입니까?,1개,2개,3개,4개,c,b,d,d,b,d
dev_0098.jpg,dev/dev_0098.jpg,사진에 보이는 재활용품 중 플라스틱 병의 뚜껑 색깔은 무엇인가요?,흰색,분홍색,투명색,파란색,b,a,a,a,c,a
dev_0099.jpg,dev/dev_0099.jpg,사진 속 재활용 쓰레기봉투에 주로 어떤 재질의 재활용품이 들어있나요?,플라스틱 컵과 용기,종이 상자와 종이컵,유리병과 캔,금속 캔과 병뚜껑,a,a,b,,a,b
dev_0100.jpg,dev/dev_0100.jpg,사진 속 재활용 가능한 플라스틱 용기는 무엇인가요?,파란색 우산 손잡이,치약 튜브,휴대용 선풍기 포장 박스,베이지색 파우치,a,a,a,b,b,a
dev_0102.jpg,dev/dev_0102.jpg,사진에 보이는 재활용 가능한 플라스틱 용기의 개수는 몇 개인가요?,7개,8개,9개,10개,b,c,b,b,b,b
dev_0103.jpg,dev/dev_0103.jpg,사진에 보이는 재활용 가능한 플라스틱 병은 몇 개입니까?,1개,2개,3개,4개,d,c,c,b,c,c
dev_0104.jpg,dev/dev_0104.jpg,사진에 보이는 재활용품의 재질은 무엇인가요?,플라스틱,종이,유리,금속,a,a,a,c,b,a
dev_0105.jpg,dev/dev_0105.jpg,사진 속 재활용품 중 유리병이 들어있는 상자는 몇 개입니까?,3개,4개,5개,6개,a,c,c,c,d,d
dev_0106.jpg,dev/dev_0106.jpg,사진에 보이는 재활용 가능한 플라스틱 용기는 몇 개입니까?,1개,2개,3개,4개,d,d,d,b,d,d
dev_0107.jpg,dev/dev_0107.jpg,사진 속에서 재활용 가능한 플라스틱 용기는 몇 개 있나요?,1개,2개,3개,4개,c,c,d,c,b,c
dev_0108.jpg,dev/dev_0108.jpg,사진 속 재활용품 중 플라스틱 용기의 개수는 몇 개인가요?,3개,5개,7개,9개,b,b,c,c,c,d
dev_0109.jpg,dev/dev_0109.jpg,사진에 보이는 재활용품 중 플라스틱 병은 몇 개입니까?,1개,2개,3개,4개,d,d,b,d,c,d
dev_0110.jpg,dev/dev_0110.jpg,사진에 보이는 페트병 중 뚜껑 색깔이 다른 페트병은 몇 개입니까?,1개,2개,3개,4개,b,c,d,a,c,a
dev_0111.jpg,dev/dev_0111.jpg,사진에 보이는 재활용 가능한 플라스틱 용기의 개수는 몇 개인가요?,1개,2개,3개,4개,b,b,c,c,c,c
dev_0112.jpg,dev/dev_0112.jpg,사진에 보이는 캔 중에서 빨간색 캔은 몇 개입니까?,2개,3개,4개,5개,c,d,d,c,c,c
dev_0113.jpg,dev/dev_0113.jpg,사진에 보이는 재활용품 중 플라스틱 재질의 용기는 몇 개입니까?,1개,2개,3개,4개,c,c,b,c,b,b
dev_0114.jpg,dev/dev_0114.jpg,사진에 보이는 재활용 가능한 플라스틱 용기는 무엇인가요?,종이봉투,플라스틱 컵,종이 포장지,소스 포장지,b,d,b,b,a,b
dev_0115.jpg,dev/dev_0115.jpg,사진에 보이는 재활용 가능한 플라스틱 병의 개수는 몇 개인가요?,1개,2개,3개,4개,a,b,a,d,a,a
dev_0117.jpg,dev/dev_0117.jpg,사진에 보이는 재활용품 중 캔은 몇 개입니까?,1개,2개,3개,0개,a,c,a,c,a,a
dev_0118.jpg,dev/dev_0118.jpg,사진 속 상자 안에 있는 재활용품 중 플라스틱 병은 몇 개입니까?,1개,2개,3개,4개,b,a,a,b,a,a
dev_0120.jpg,dev/dev_0120.jpg,서랍 안에 있는 재활용 가능한 종이류는 몇 개입니까?,3개,5개,7개,9개,d,c,d,d,d,d
dev_0121.jpg,dev/dev_0121.jpg,사진에 보이는 재활용품 중 플라스틱 재질로 보이는 것은 무엇인가요?,흰색 스티로폼 박스,파란색 비닐봉지,검은색 종이컵,녹색 그물망,d,a,d,b,a,b
dev_0122.jpg,dev/dev_0122.jpg,사진에 보이는 재활용 가능한 종이 상자의 개수는 몇 개인가요?,1개,2개,3개,4개,d,c,c,d,c,d
dev_0125.jpg,dev/dev_0125.jpg,사진에 보이는 재활용품 중 캔은 몇 개 있나요?,1개,2개,3개,없다,a,d,a,a,d,d
dev_0126.jpg,dev/dev_0126.jpg,사진 속 재활용 쓰레기통에 들어있는 캔은 어떤 음료 브랜드인가요?,코카콜라,펩시,스프라이트,환타,a,b,c,b,b,b
dev_0127.jpg,dev/dev_0127.jpg,사진에 보이는 재활용 가능한 플라스틱 컵에는 몇 개의 빨대가 꽂혀 있나요?,1개,2개,3개,4개,b,b,a,a,a,a
dev_0128.jpg,dev/dev_0128.jpg,사진에 보이는 재활용품 중 플라스틱 재질의 포장지는 몇 개입니까?,1개,2개,3개,4개,c,d,a,d,d,d
dev_0129.jpg,dev/dev_0129.jpg,사진에 보이는 재활용 가능한 포장지의 개수는 몇 개인가요?,1개,2개,3개,4개,d,c,d,a,d,d
dev_0130.jpg,dev/dev_0130.jpg,사진에 보이는 재활용 가능한 플라스틱 병은 총 몇 개입니까?,5개,7개,9개,11개,c,c,c,b,b,c
dev_0132.jpg,dev/dev_0132.jpg,사진에 보이는 두 개의 용기 중 재활용 분류가 다른 것은 무엇인가요?,"왼쪽 용기는 플라스틱, 오른쪽 용기는 플라스틱","왼쪽 용기는 유리, 오른쪽 용기는 플라스틱","왼쪽 용기는 플라스틱, 오른쪽 용기는 종이","왼쪽 용기는 플라스틱, 오른쪽 용기는 금속",b,a,a,b,a,a
dev_0133.jpg,dev/dev_0133.jpg,사진에서 재활용 가능한 종이류는 어떤 형태로 묶여 있나요?,낱장으로 펼쳐져 있음,박스 형태로 쌓여 있음,둥글게 말려 고무줄로 묶여 있음,종이봉투에 담겨 있음,c,c,b,c,b,c
dev_0134.jpg,dev/dev_0134.jpg,사진에 보이는 재활용 가능한 플라스틱 용기는 몇 개인가요?,1개,2개,3개,4개,d,c,b,a,b,c
dev_0136.jpg,dev/dev_0136.jpg,사진에 보이는 재활용품은 어떤 재질로 만들어졌나요?,종이,플라스틱,금속,유리,b,a,a,d,d,b
dev_0137.jpg,dev/dev_0137.jpg,사진에 보이는 캔 음료 중에서 같은 종류의 캔은 몇 개인가요?,2개,3개,4개,5개,d,c,b,d,d,a
dev_0139.jpg,dev/dev_0139.jpg,사진에 보이는 재활용품 중 종이상자의 개수는 몇 개인가요?,3개,4개,5개,6개,a,d,d,c,d,d
dev_0140.jpg,dev/dev_0140.jpg,사진에 보이는 유리잔은 총 몇 개입니까?,3개,4개,5개,6개,d,a,d,d,d,d
dev_0141.jpg,dev/dev_0141.jpg,사진에 보이는 재활용품 중 종이 재질의 포장지는 몇 개입니까?,1개,2개,3개,4개,c,c,c,a,a,c
dev_0142.jpg,dev/dev_0142.jpg,사진에 보이는 재활용 봉투 중 플라스틱 병이 보이는 봉투는 몇 개인가요?,1개,2개,3개,4개,b,a,a,a,c,c
dev_0144.jpg,dev/dev_0144.jpg,사진 속 재활용품 중에서 종이 재질의 박스는 총 몇 개입니까?,2개,3개,4개,5개,c,d,c,d,c,d
dev_0145.jpg,dev/dev_0145.jpg,사진에 보이는 재활용품 중 골판지 상자의 개수는 몇 개인가요?,2개,3개,4개,5개,c,a,d,d,d,d
dev_0146.jpg,dev/dev_0146.jpg,사진 속 재활용품 중 플라스틱 컵은 몇 개 있나요?,2개,3개,4개,5개,c,c,c,c,b,d
dev_0147.jpg,dev/dev_0147.jpg,사진 속 쓰레기통 안에 보이는 재활용 가능한 플라스틱 용기의 개수는 몇 개인가요?,1개,2개,3개,4개,c,a,b,c,d,c
dev_0148.jpg,dev/dev_0148.jpg,사진에 보이는 재활용 가능한 플라스틱 병은 몇 개입니까?,1개,2개,3개,4개 이상,d,d,d,a,d,d
dev_0149.jpg,dev/dev_0149.jpg,냉장고 안에 있는 재활용 가능한 금속 캔의 위치는 어디인가요?,왼쪽 상단 선반,오른쪽 하단 바닥,중앙 선반,냉장고 문 쪽,b,d,b,b,d,d
dev_0150.jpg,dev/dev_0150.jpg,사진에 보이는 재활용 가능한 플라스틱 용기의 개수는 몇 개인가요?,3개,5개,7개,9개,c,c,c,a,a,c
dev_0151.jpg,dev/dev_0151.jpg,사진에 보이는 재활용품 중 종이 재질로 분류되는 것은 무엇인가요?,음료 병,종이컵과 컵홀더,플라스틱 케이스,금속 뚜껑이 있는 유리병,a,c,b,b,b,b
dev_0153.jpg,dev/dev_0153.jpg,사진에 보이는 투명 플라스틱 컵은 총 몇 개입니까?,8개,10개,12개,14개,d,d,c,c,d,c
dev_0156.jpg,dev/dev_0156.jpg,사진에 보이는 재활용 가능한 플라스틱 컵은 총 몇 개입니까?,7개,9개,11개,13개,d,c,b,d,c,d
dev_0157.jpg,dev/dev_0157.jpg,사진에 보이는 재활용 가능한 플라스틱 병은 몇 개입니까?,3개,4개,5개,6개,c,d,b,c,d,d
dev_0158.jpg,dev/dev_0158.jpg,사진에 보이는 재활용 가능한 플라스틱 병은 몇 개입니까?,1개,2개,3개,4개,c,b,b,b,c,b
dev_0159.jpg,dev/dev_0159.jpg,사진 속 재활용품 중 종이류는 몇 개입니까?,1개,2개,3개,4개 이상,d,c,b,d,b,d
dev_0161.jpg,dev/dev_0161.jpg,사진 속에서 재활용 가능한 플라스틱 용기는 몇 개 있나요?,1개,2개,3개,4개,b,d,b,d,a,b
dev_0162.jpg,dev/dev_0162.jpg,사진에 보이는 재활용품 중 플라스틱 재질의 용기는 무엇인가요?,검은색 텀블러,흰색 신발,검은색 슬리퍼,흰색 플라스틱 그릇,d,d,a,d,b,d
dev_0164.jpg,dev/dev_0164.jpg,책상 위에 보이는 재활용 가능한 플라스틱 포장지는 몇 개입니까?,3개,4개,5개,6개,a,a,a,a,,a
dev_0166.jpg,dev/dev_0166.jpg,사진에 보이는 재활용 가능한 플라스틱 의자의 개수는 몇 개인가요?,2개,3개,4개,5개,d,d,d,d,c,d
dev_0167.jpg,dev/dev_0167.jpg,책상 위에 있는 재활용 가능한 물품은 무엇인가요?,플라스틱 텀블러,종이봉투,플라스틱 봉투,금속 텀블러,a,d,d,c,c,c
dev_0169.jpg,dev/dev_0169.jpg,사진에 보이는 재활용품 중 종이 재활용품은 무엇인가요?,파란색 비닐봉투 안의 플라스틱 병,회색 철제함 옆에 쌓인 타이어,회색 철제함 옆에 쌓인 종이 박스,보라색 비닐봉투 안의 종이류,c,b,b,c,c,c
dev_0170.jpg,dev/dev_0170.jpg,사진에 보이는 재활용 캔은 몇 개입니까?,1개,2개,3개,4개,c,b,b,b,b,b
dev_0172.jpg,dev/dev_0172.jpg,사진 속 재활용 가능한 플라스틱 컵은 총 몇 개 있나요?,1개,2개,3개,4개,d,c,c,d,d,d
dev_0173.jpg,dev/dev_0173.jpg,사진에 보이는 캔 중에서 제로 슈가(Zero Sugar) 표시가 있는 캔은 몇 개입니까?,3개,4개,5개,6개,c,c,d,d,c,c
dev_0174.jpg,dev/dev_0174.jpg,사진에 보이는 재활용 봉투는 주로 어떤 재질의 재활용품을 담고 있습니까?,종이류,플라스틱류,유리병,금속캔,a,b,a,a,a,a
dev_0175.jpg,dev/dev_0175.jpg,사진에 보이는 재활용 가능한 플라스틱 컵은 총 몇 개입니까?,9개,10개,11개,12개,c,d,c,d,c,c
dev_0178.jpg,dev/dev_0178.jpg,사진 속 ATM기 위에 놓인 재활용 가능한 플라스틱 병은 어떤 음료 용기인가요?,생수 병,음료수 병,우유 병,주스 병,b,a,a,b,a,a
dev_0179.jpg,dev/dev_0179.jpg,사진에 보이는 재활용 가능한 플라스틱 병은 몇 개입니까?,3개,4개,5개,6개,d,c,c,c,d,c
dev_0180.jpg,dev/dev_0180.jpg,책상 위에 있는 '하루견과 Prime' 봉지의 개수는 몇 개인가요?,1개,2개,3개,4개,c,b,b,b,b,b
dev_0182.jpg,dev/dev_0182.jpg,사진에 보이는 재활용품 중 종이 재질의 포장재는 몇 개입니까?,1개,2개,3개,4개,c,b,b,b,c,c
dev_0183.jpg,dev/dev_0183.jpg,사진에 보이는 재활용품 중 종이 재질의 재활용품은 무엇인가요?,노란색 봉투,벽돌 기둥,접힌 박스,바닥 타일,a,c,a,c,c,c
dev_0184.jpg,dev/dev_0184.jpg,사진에 보이는 투명 플라스틱 컵은 몇 개입니까?,1개,2개,3개,4개,b,b,b,c,b,b
dev_0185.jpg,dev/dev_0185.jpg,사진에 보이는 재활용 가능한 플라스틱 컵은 몇 개입니까?,1개,2개,3개,4개,a,b,a,a,a,a
dev_0186.jpg,dev/dev_0186.jpg,사진에 보이는 플라스틱 병은 총 몇 개입니까?,2개,3개,4개,5개,c,b,,b,d,c
dev_0188.jpg,dev/dev_0188.jpg,사진 속 음료수거통 앞에 놓인 재활용 가능한 음료 용기는 어떤 재질인가요?,플라스틱 컵,종이컵,유리병,금속 캔,a,b,a,b,a,a
dev_0189.jpg,dev/dev_0189.jpg,사진 속 재활용 가능한 플라스틱 용기는 몇 개입니까?,1개,2개,3개,4개,c,b,b,c,b,a
dev_0190.jpg,dev/dev_0190.jpg,사진 속 재활용 가능한 플라스틱 병의 뚜껑 색깔은 무엇인가요?,파란색,초록색,흰색,검은색,a,c,c,a,b,a
dev_0192.jpg,dev/dev_0192.jpg,사진에 보이는 재활용 가능한 플라스틱 병 중에서 간장 용기로 사용된 병은 어느 것인가요?,빨간 뚜껑이 있는 투명 병,금색 뚜껑이 있는 투명 병,주황색 뚜껑이 있는 검은색 병,흰색 스프레이 뚜껑이 있는 파란색 병,b,b,b,c,b,b
dev_0193.jpg,dev/dev_0193.jpg,사진 속 상자 안에 있는 재활용품은 무엇인가요?,종이 박스,비닐 뽁뽁이,플라스틱 병,유리병,a,b,b,a,b,b
dev_0195.jpg,dev/dev_0195.jpg,사진 속 책상 위에 보이는 재활용 캔은 몇 개입니까?,1개,2개,3개,4개,b,c,d,a,b,a
dev_0196.jpg,dev/dev_0196.jpg,사진 속 화장품 파우치 안에 있는 재활용 가능한 플라스틱 용기의 개수는 몇 개인가요?,10개 이상,5개 이상 10개 미만,3개 이상 5개 미만,3개 미만,b,a,a,a,b,a
dev_0197.jpg,dev/dev_0197.jpg,사진 속 재활용 가능한 플라스틱 컵은 몇 개입니까?,1개,2개,3개,4개,b,a,a,b,a,b
dev_0198.jpg,dev/dev_0198.jpg,사진에서 재활용 가능한 플라스틱 병은 몇 개 보이나요?,1개,2개,3개,4개,a,b,a,a,a,d
dev_0199.jpg,dev/dev_0199.jpg,사진 속 재활용품 중 플라스틱 컵은 몇 개 있나요?,1개,2개,3개,4개,d,d,b,d,c,d
dev_0200.jpg,dev/dev_0200.jpg,사진 속 재활용품 상자 안에 보이는 캔의 개수는 몇 개인가요?,1개,2개,3개,4개,c,d,c,b,c,c
dev_0201.jpg,dev/dev_0201.jpg,사진 속 재활용품 중 종이팩은 몇 개입니까?,1개,2개,3개,4개,c,a,a,a,c,a
dev_0202.jpg,dev/dev_0202.jpg,사진에 보이는 재활용 캔의 개수는 몇 개인가요?,2개,3개,4개,5개,c,c,a,c,b,c
dev_0203.jpg,dev/dev_0203.jpg,사진에서 재활용이 가능한 품목은 무엇인가요?,플라스틱 병,종이컵,유리병,캔,a,d,a,d,d,d
dev_0205.jpg,dev/dev_0205.jpg,사진에 보이는 재활용품 중 종이상자의 개수는 몇 개인가요?,3개,5개,7개,9개,d,d,c,b,d,d
dev_0206.jpg,dev/dev_0206.jpg,책상 위에 있는 재활용 가능한 플라스틱 병은 몇 개입니까?,1개,2개,3개,4개,c,a,c,a,c,c
dev_0208.jpg,dev/dev_0208.jpg,사진에 보이는 재활용품 중 유리병은 몇 개입니까?,1개,2개,3개,4개,a,b,a,d,b,b
dev_0209.jpg,dev/dev_0209.jpg,사진에 보이는 재활용품 중 종이 재질의 포장 상자는 몇 개입니까?,2개,3개,4개,5개,a,c,d,b,d,d
dev_0214.jpg,dev/dev_0214.jpg,사진에 보이는 재활용품 중 플라스틱 컵은 몇 개입니까?,3개,5개,7개,9개,c,a,b,d,b,b
dev_0215.jpg,dev/dev_0215.jpg,사진에 보이는 재활용 가능한 플라스틱 병의 뚜껑 색깔은 무엇인가요?,파란색,분홍색,흰색,투명색,b,a,a,b,a,c
dev_0217.jpg,dev/dev_0217.jpg,사진 속 재활용 쓰레기통 주변에 보이는 재활용품 중 플라스틱 재질의 물품은 무엇인가요?,파란색 쓰레기통,검은색 비닐봉지,투명 페트병,종이 상자,a,b,a,c,a,b
dev_0218.jpg,dev/dev_0218.jpg,사진에 보이는 재활용 가능한 플라스틱 용기의 개수는 몇 개인가요?,1개,2개,3개,4개,c,b,c,b,b,c
dev_0221.jpg,dev/dev_0221.jpg,사진에 보이는 재활용품 중 플라스틱 병은 몇 개입니까?,1개,2개,3개,4개,b,b,c,b,c,c
dev_0222.jpg,dev/dev_0222.jpg,사진에 보이는 재활용품 중 알루미늄 캔은 몇 개입니까?,1개,2개,3개,4개,a,b,b,a,b,b
dev_0223.jpg,dev/dev_0223.jpg,사진에 보이는 플라스틱 컵은 몇 개입니까?,1개,2개,3개,4개,b,c,b,c,d,b
dev_0224.jpg,dev/dev_0224.jpg,사진 속 재활용품 분리수거함에 들어있는 종이 상자의 개수는 몇 개인가요?,3개,5개,7개,9개,b,d,c,c,c,b
dev_0225.jpg,dev/dev_0225.jpg,사진에 보이는 하이쮸 포장지는 어떤 재질로 만들어졌나요?,종이,플라스틱,유리,금속,b,a,b,b,a,b
dev_0226.jpg,dev/dev_0226.jpg,사진에 보이는 재활용 가능한 플라스틱 병은 몇 개입니까?,2개,3개,4개,5개,c,c,a,d,d,d
dev_0228.jpg,dev/dev_0228.jpg,사진에 보이는 재활용 가능한 유리병은 총 몇 개입니까?,10개,13개,15개,17개,c,c,d,d,c,c
dev_0230.jpg,dev/dev_0230.jpg,사진 속 선반 위에 놓인 재활용 가능한 플라스틱 병은 몇 개입니까?,1개,2개,3개,4개,a,b,a,a,a,a
dev_0231.jpg,dev/dev_0231.jpg,책상 위에 있는 재활용품 중 알루미늄 캔은 몇 개인가요?,0개,1개,2개,3개,c,b,c,b,c,c
dev_0234.jpg,dev/dev_0234.jpg,사진 속 재활용 가능한 플라스틱 컵은 몇 개 있나요?,1개,2개,3개,4개,b,b,b,b,c,b
dev_0235.jpg,dev/dev_0235.jpg,이 식탁 위에 있는 재활용 가능한 용기는 무엇으로 만들어졌나요?,플라스틱 용기,종이 상자,유리병,금속 캔,b,,a,a,a,a
dev_0237.jpg,dev/dev_0237.jpg,사진 속 재활용 가능한 컵의 재질은 무엇인가요?,플라스틱,종이,유리,금속,a,b,a,b,b,b
dev_0239.jpg,dev/dev_0239.jpg,이 사진에서 재활용 가능한 종이 상자의 위치는 어디인가요?,스티로폼 상자 위,스티로폼 상자 아래,검은색 자동차 옆,분홍색 상자 옆,b,b,,b,c,b
dev_0245.jpg,dev/dev_0245.jpg,사진 속 재활용품 분리수거대에 보이는 봉투 중 플라스틱 재질의 봉투는 몇 개입니까?,1개,2개,3개,4개,a,b,c,a,d,a
dev_2401.jpg,dev/dev_2401.jpg,사진에 보이는 재활용 가능한 플라스틱 포장재는 몇 개입니까?,1개,2개,3개,4개,c,b,a,b,b,b
dev_2403.jpg,dev/dev_2403.jpg,사진에 보이는 재활용 가능한 옷걸이의 재질은 무엇인가요?,플라스틱,금속,종이,유리,b,b,b,a,a,b
dev_2404.jpg,dev/dev_2404.jpg,사진에 보이는 재활용품 중 종이 재질의 포장지는 몇 개입니까?,1개,2개,3개,4개,b,b,b,b,c,b
dev_2405.jpg,dev/dev_2405.jpg,사진 속 재활용품 중 플라스틱 재질의 용기는 몇 개입니까?,1개,2개,3개,4개,a,c,a,a,a,b
dev_2407.jpg,dev/dev_2407.jpg,사진 속 투명한 비닐봉지 안에 담긴 재활용 가능한 품목은 무엇인가요?,오렌지,플라스틱 병,유리병,종이컵,a,a,a,b,b,a
dev_2408.jpg,dev/dev_2408.jpg,사진에 보이는 캔은 총 몇 개인가요?,3개,4개,5개,6개,c,b,c,c,c,c
dev_2410.jpg,dev/dev_2410.jpg,사진 속 음료가 담긴 용기의 재질은 무엇인가요?,플라스틱 컵,유리병,종이컵,금속 캔,a,b,b,b,b,b
dev_2412.jpg,dev/dev_2412.jpg,음료컵 수거대 위에 놓인 플라스틱 컵 중 빨대 색깔이 다른 것은 몇 개인가요?,1개,2개,3개,4개,d,c,c,c,d,d
dev_2413.jpg,dev/dev_2413.jpg,사진에 보이는 재활용 가능한 금속 캔은 몇 개입니까?,1개,2개,3개,4개,b,a,c,b,b,c
dev_2414.jpg,dev/dev_2414.jpg,사진에 보이는 투명한 플라스틱 병은 총 몇 개입니까?,5개,6개,7개,8개,c,c,b,d,b,b
dev_2415.jpg,dev/dev_2415.jpg,사진에 보이는 재활용품 중 플라스틱 재질인 것은 무엇인가요?,노란색과 빨간색이 섞인 립밤 튜브,흰색 무선 이어폰 케이스,갈색 곰 인형 열쇠고리,흰색 키보드,b,d,a,d,b,b
dev_2417.jpg,dev/dev_2417.jpg,사진 속에서 재활용 가능한 플라스틱 병은 몇 개 있나요?,6개,8개,10개,12개,d,d,d,c,c,d
dev_2419.jpg,dev/dev_2419.jpg,사진 속 상자 안에 있는 재활용 가능한 종이 포장재는 몇 개입니까?,1개,2개,3개,4개,c,c,d,c,c,c
dev_2420.jpg,dev/dev_2420.jpg,사진 속 재활용품 중 플라스틱 병의 개수는 몇 개인가요?,1개,2개,3개,4개,b,b,c,b,c,c
dev_2422.jpg,dev/dev_2422.jpg,사진에 보이는 재활용 가능한 종이류는 무엇인가요?,만화 캐릭터가 그려진 종이 더미,키보드 상자,플라스틱 포장지,유리병,a,b,b,a,b,b
dev_2423.jpg,dev/dev_2423.jpg,사진에 보이는 재활용품 중 플라스틱 재질의 품목은 무엇인가요?,플라스틱 병과 플라스틱 컵,플라스틱 병과 알루미늄 캔,종이 상자와 플라스틱 컵,알루미늄 캔과 종이 상자,b,a,b,b,b,a
dev_2425.jpg,dev/dev_2425.jpg,사진 속 상자 안에 들어있는 재활용 가능한 플라스틱 병은 몇 개입니까?,1개,2개,3개,4개,b,c,c,d,d,d
dev_2426.jpg,dev/dev_2426.jpg,사진에 보이는 재활용품 중 골판지 상자의 개수는 몇 개인가요?,2개,3개,4개,5개,a,b,a,b,a,a
dev_2427.jpg,dev/dev_2427.jpg,사진에 보이는 재활용 가능한 플라스틱 병은 몇 개입니까?,1개,2개,3개,4개,b,a,a,a,b,a
dev_2428.jpg,dev/dev_2428.jpg,사진에서 보이는 재활용품 중 몇 개의 캔이 있나요?,1개,2개,3개,4개,a,a,b,b,c,a
dev_2429.jpg,dev/dev_2429.jpg,사진에 보이는 재활용품 중 플라스틱 재질은 무엇인가요?,투명 플라스틱 컵,과자 상자,종이 박스,비닐 포장지,b,a,a,a,b,a
dev_2430.jpg,dev/dev_2430.jpg,사진 속 재활용품 중 종이 재질의 포장 상자는 몇 개 있나요?,5개,7개,9개,11개,c,d,c,d,c,c
dev_2432.jpg,dev/dev_2432.jpg,사진에 보이는 재활용 가능한 플라스틱 병의 개수는 몇 개인가요?,7개,9개,11개,13개,d,b,d,d,b,d
dev_2435.jpg,dev/dev_2435.jpg,사진에 보이는 재활용품 중 골판지 상자의 개수는 몇 개인가요?,1개,2개,3개,4개,b,b,c,b,c,b
dev_2436.jpg,dev/dev_2436.jpg,사진에 보이는 재활용 가능한 플라스틱 병은 몇 개입니까?,1개,2개,3개,4개,c,c,b,b,b,b
dev_2438.jpg,dev/dev_2438.jpg,사진 속 재활용 가능한 포장재는 무엇인가요?,플라스틱 포장재,종이 포장재,유리병,금속 캔,a,a,a,b,d,a
dev_2439.jpg,dev/dev_2439.jpg,사진 속 흰색 바구니 안에 들어있는 재활용품은 무엇인가요?,플라스틱 컵과 캔,종이 상자와 플라스틱 병,유리병과 금속 캔,종이봉투와 캔,a,,d,d,d,a
dev_2440.jpg,dev/dev_2440.jpg,사진 속 재활용 가능한 용기는 무엇인가요?,종이 용기와 플라스틱 컵,유리병과 금속 캔,플라스틱 병과 종이 상자,금속 용기와 유리컵,c,a,a,c,a,a
dev_2442.jpg,dev/dev_2442.jpg,사진에 보이는 재활용 가능한 병의 총 개수는 몇 개인가요?,30개,40개,50개,60개,b,c,a,b,a,b
dev_2443.jpg,dev/dev_2443.jpg,사진 속 재활용품의 재질은 무엇인가요?,플라스틱,종이,유리,금속,a,b,a,b,b,b
dev_2444.jpg,dev/dev_2444.jpg,사진에 보이는 캔 중에서 녹색 캔은 몇 개입니까?,6개,7개,8개,9개,d,b,d,d,b,b
dev_2445.jpg,dev/dev_2445.jpg,사진에 보이는 재활용품 중 골판지 상자는 몇 개입니까?,2개,3개,4개,5개,d,a,d,d,d,d
dev_2446.jpg,dev/dev_2446.jpg,사진 속 재활용 가능한 플라스틱 컵은 어디에 놓여 있나요?,창문 옆 창틀 위,책상 위 전기 콘센트 옆,책상 위 옷 옆,책상 아래 바닥,b,c,b,c,b,b
dev_2447.jpg,dev/dev_2447.jpg,사진에 보이는 재활용품 중 종이상자의 개수는 몇 개인가요?,2개,3개,4개,5개,c,c,d,b,d,d
dev_2448.jpg,dev/dev_2448.jpg,사진 속 재활용 가능한 플라스틱 용기는 몇 개입니까?,1개,2개,3개,4개,a,c,c,d,a,c
dev_2449.jpg,dev/dev_2449.jpg,사진 속 재활용품 중 종이 재질의 포장재는 몇 개입니까?,2개,3개,4개,5개,c,c,c,d,d,c
dev_2450.jpg,dev/dev_2450.jpg,사진에 보이는 재활용품 중 플라스틱 재질인 것은 무엇인가요?,요구르트 병,껌 상자,종이 상자,유리병,a,a,b,a,b,a
dev_2451.jpg,dev/dev_2451.jpg,사진 속 재활용 가능한 플라스틱 병은 어디에 놓여 있나요?,책상 위 중앙,의자 위,노트북 위,책상 오른쪽 끝,d,a,d,a,a,a
dev_2452.jpg,dev/dev_2452.jpg,사진 속 재활용 가능한 페트병의 뚜껑 색깔은 무엇인가요?,노란색,파란색,빨간색,초록색,d,a,d,d,d,d
dev_2453.jpg,dev/dev_2453.jpg,사진에 보이는 재활용품 중 플라스틱 병은 몇 개입니까?,1개,2개,3개,4개,d,d,a,d,c,d
dev_2456.jpg,dev/dev_2456.jpg,사진에 보이는 재활용 가능한 종이 상자의 개수는 몇 개인가요?,1개,2개,3개,4개,a,a,b,a,a,a
dev_2457.jpg,dev/dev_2457.jpg,사진 속 재활용 쓰레기통 안에 있는 플라스틱 용기의 개수는 몇 개인가요?,2개,3개,4개,5개,b,c,c,c,d,c
dev_2458.jpg,dev/dev_2458.jpg,책상 위에 있는 재활용 가능한 플라스틱 컵은 몇 개입니까?,1개,2개,3개,4개,b,c,b,c,c,c
dev_2459.jpg,dev/dev_2459.jpg,사진 속에서 재활용 가능한 플라스틱 용기는 몇 개 있나요?,1개,2개,3개,4개,b,a,b,b,c,c
dev_2461.jpg,dev/dev_2461.jpg,사진에 보이는 재활용품 중 종이상자의 개수는 몇 개인가요?,5개,7개,9개,11개,b,c,c,d,d,c
dev_2462.jpg,dev/dev_2462.jpg,사진에 보이는 재활용품 중에서 종이 재질인 것은 무엇인가요?,초록색 종이 포장지,플라스틱 병,알루미늄 캔 조각,노트,a,d,,a,d,a
dev_2464.jpg,dev/dev_2464.jpg,사진 속 상자 안에 있는 재활용품 중 종이 재질의 포장지는 몇 개입니까?,약 10개,약 30개,약 50개,약 70개,c,d,d,c,d,d
dev_2465.jpg,dev/dev_2465.jpg,사진에 보이는 재활용 가능한 포장재는 몇 개인가요?,1개,2개,3개,4개,b,c,b,b,c,c
dev_2468.jpg,dev/dev_2468.jpg,사진에 보이는 분홍색 포장지는 어떤 재질의 재활용품인가요?,플라스틱,종이,유리,금속,b,a,b,b,a,b
dev_2470.jpg,dev/dev_2470.jpg,사진에 보이는 휴대폰 케이스 두 개 중 재활용 가능한 재질로 만든 것은 무엇인가요?,검은색과 흰색 줄무늬 케이스,노란색 꽃무늬가 있는 투명 케이스,두 케이스 모두 플라스틱 재질,두 케이스 모두 종이 재질,c,b,c,c,a,c
dev_2471.jpg,dev/dev_2471.jpg,사진에 보이는 재활용품 중 플라스틱 컵은 몇 개인가요?,1개,2개,3개,4개,c,b,c,c,b,c
dev_2472.jpg,dev/dev_2472.jpg,사진에 보이는 음료 용기 중 알루미늄 캔은 몇 개인가요?,1개,2개,3개,4개,d,a,d,d,d,d
dev_2473.jpg,dev/dev_2473.jpg,사진에 보이는 재활용품 중 플라스틱 재질인 것은 무엇인가요?,생수병,음료 캔,검은색 용기,손 세정제 용기,a,c,c,c,a,c
dev_2475.jpg,dev/dev_2475.jpg,사진에 보이는 재활용 가능한 플라스틱 병의 개수는 몇 개인가요?,1개,2개,3개,4개,a,c,b,c,b,b
dev_2476.jpg,dev/dev_2476.jpg,사진 속 재활용품 중 플라스틱 병은 몇 개 있습니까?,1개,2개,3개,4개,c,a,b,a,a,a
dev_2479.jpg,dev/dev_2479.jpg,사진 속 상자 안에 있는 재활용품 중 플라스틱 용기는 몇 개입니까?,1개,2개,3개,4개,a,a,c,a,a,a
dev_2480.jpg,dev/dev_2480.jpg,사진 속 투명한 비닐봉지 안에 들어있는 재활용 가능한 플라스틱 병은 몇 개입니까?,1개,2개,3개,4개,c,c,b,c,c,c
dev_2481.jpg,dev/dev_2481.jpg,사진에 보이는 재활용 가능한 품목은 무엇인가요?,종이 박스,플라스틱 병,금속 캔,스프레이 용기,c,c,b,c,d,c
dev_2483.jpg,dev/dev_2483.jpg,사진에 보이는 재활용품 중 종이 재질의 상자는 몇 개입니까?,1개,2개,3개,4개,d,c,c,d,c,c
dev_2484.jpg,dev/dev_2484.jpg,사진에 보이는 재활용 가능한 병의 종류는 무엇인가요?,플라스틱 병 2개,유리 병 2개,금속 캔 2개,종이 상자 2개,b,a,a,a,a,a
dev_2485.jpg,dev/dev_2485.jpg,사진 속 파란 테이블 위에 놓인 재활용 가능한 병은 몇 개입니까?,18개,20개,22개,24개,d,d,a,b,d,d
dev_2486.jpg,dev/dev_2486.jpg,사진 속 재활용품 중 골판지 상자는 몇 개입니까?,1개,2개,3개,4개,c,a,b,b,a,a
dev_2487.jpg,dev/dev_2487.jpg,사진에 보이는 재활용품 중 종이 상자의 개수는 몇 개인가요?,1개,2개,3개,4개,c,a,d,c,d,c
dev_2488.jpg,dev/dev_2488.jpg,사진 속 재활용 봉투 위에 놓여진 투명한 플라스틱 병은 몇 개입니까?,1개,2개,3개,4개,b,a,a,a,a,a
dev_2489.jpg,dev/dev_2489.jpg,사진 속 노란색 포장재로 된 재활용품은 어떤 재질인가요?,플라스틱,종이,유리,금속,b,a,b,b,b,b
dev_2490.jpg,dev/dev_2490.jpg,사진에 보이는 재활용 가능한 아이템 중 플라스틱 재질인 것은 무엇인가요?,파란색 손잡이가 있는 컵,베이지색 텀블러,컴퓨터 모니터,책상 위의 마우스 패드,c,c,a,c,a,c
dev_2491.jpg,dev/dev_2491.jpg,사진에 보이는 재활용품 중 종이 상자는 몇 개입니까?,1개,2개,3개,4개,d,c,a,d,d,d
dev_2492.jpg,dev/dev_2492.jpg,사진에 보이는 재활용품 중 종이 재질의 상자는 몇 개입니까?,1개,2개,3개,4개,d,c,d,b,d,d
dev_2494.jpg,dev/dev_2494.jpg,사진에 보이는 재활용품 중 종이상자의 개수는 몇 개인가요?,2개,3개,4개,5개,d,c,a,d,d,d
dev_2497.jpg,dev/dev_2497.jpg,사진에 보이는 재활용품 중 골판지 박스의 개수는 몇 개인가요?,1개,2개,3개,4개,c,b,c,b,c,c
dev_2498.jpg,dev/dev_2498.jpg,사진에 보이는 재활용 가능한 컵의 개수는 몇 개인가요?,1개,2개,3개,4개,c,c,b,d,d,c
dev_2500.jpg,dev/dev_2500.jpg,사진 속 재활용품 중 캔의 개수는 몇 개입니까?,2개,3개,4개,5개,c,a,b,b,a,a
dev_2501.jpg,dev/dev_2501.jpg,사진 속 재활용품 봉투 안에 보이는 투명한 플라스틱 병은 몇 개입니까?,2개,3개,4개,5개,c,b,b,c,b,b
dev_2503.jpg,dev/dev_2503.jpg,사진 속 책상 위에 있는 재활용 가능한 플라스틱 병은 몇 개입니까?,1개,2개,3개,4개,c,b,c,c,b,c
dev_2504.jpg,dev/dev_2504.jpg,사진 속 재활용품 중 플라스틱 재질인 것은 무엇인가요?,빨간색 과자 봉지,흰색 플라스틱 컵 여러 개,나무 쟁반,회색 신발,b,b,c,a,c,b
dev_2505.jpg,dev/dev_2505.jpg,사진 속 재활용품 분리수거함에 보이는 종이류 중 가장 많은 종류는 무엇인가요?,우유팩,골판지 상자,신문지,종이컵,d,b,b,c,b,b
dev_2509.jpg,dev/dev_2509.jpg,사진에 보이는 초록색 유리병은 몇 개입니까?,1개,2개,3개,4개,c,d,c,d,a,d
dev_2511.jpg,dev/dev_2511.jpg,사진에 보이는 재활용 가능한 플라스틱 봉투의 위치는 어디인가요?,앞쪽 중앙,왼쪽 뒤쪽,오른쪽 뒤쪽,없음,b,a,b,d,a,a
dev_2512.jpg,dev/dev_2512.jpg,사진에 보이는 재활용 가능한 플라스틱 병은 몇 개입니까?,1개,2개,3개,4개,c,c,b,c,b,c
dev_2513.jpg,dev/dev_2513.jpg,사진 속 재활용 가능한 플라스틱 컵은 몇 개인가요?,1개,2개,3개,없다,b,b,a,b,a,b
dev_2514.jpg,dev/dev_2514.jpg,사진에 보이는 재활용 가능한 종이 상자의 개수는 몇 개인가요?,3개,4개,5개,6개,b,d,c,d,c,c
dev_2516.jpg,dev/dev_2516.jpg,사진에 보이는 일회용 컵의 재질은 무엇인가요?,플라스틱,종이,유리,금속,b,a,a,b,a,a
dev_2517.jpg,dev/dev_2517.jpg,사진에 보이는 재활용 가능한 플라스틱 병은 몇 개입니까?,1개,2개,3개,4개,c,c,c,b,b,c
dev_2518.jpg,dev/dev_2518.jpg,사진 속 재활용품 봉투 안에 있는 캔의 개수는 몇 개인가요?,1개,2개,3개,4개,b,c,c,c,c,c
dev_2520.jpg,dev/dev_2520.jpg,사진에 보이는 재활용 가능한 플라스틱 컵은 몇 개인가요?,1개,2개,3개,4개,c,c,b,c,b,c
dev_2521.jpg,dev/dev_2521.jpg,사진에서 보이는 재활용품 중 분리배출해야 하는 재질은 무엇인가요?,종이컵,플라스틱병,유리병,금속캔,b,b,a,a,a,a
dev_2522.jpg,dev/dev_2522.jpg,사진 속 쓰레기봉투 안에 보이는 재활용 가능한 컵은 어떤 재질인가요?,종이컵,플라스틱컵,유리컵,금속컵,b,b,b,a,b,b
dev_2523.jpg,dev/dev_2523.jpg,사진에 보이는 재활용품 중 종이 재질의 상자는 몇 개입니까?,1개,2개,3개,4개,c,b,c,b,c,b
dev_2524.jpg,dev/dev_2524.jpg,사진 속 재활용 가능한 포장재는 어떤 재질인가요?,종이,플라스틱,유리,금속,b,b,b,a,a,b
dev_2526.jpg,dev/dev_2526.jpg,책상 위에 있는 재활용 가능한 종이컵은 몇 개입니까?,1개,2개,3개,4개,a,a,b,a,a,a
dev_2527.jpg,dev/dev_2527.jpg,사진 속 상자 안에 보이는 재활용품 중 종이팩은 몇 개입니까?,1개,2개,3개,4개,d,a,b,b,a,a
dev_2528.jpg,dev/dev_2528.jpg,사진 속에 보이는 재활용 가능한 플라스틱 용기는 몇 개인가요?,1개,2개,3개,4개,b,c,b,c,b,c
dev_2531.jpg,dev/dev_2531.jpg,사진에 보이는 재활용품 중 금속 재질의 용기는 몇 개인가요?,1개,2개,3개,4개,b,c,b,b,b,b
dev_2532.jpg,dev/dev_2532.jpg,사진에 보이는 재활용 가능한 플라스틱 용기의 개수는 몇 개인가요?,2개,3개,4개,5개,d,a,d,a,a,d
dev_2533.jpg,dev/dev_2533.jpg,사진 속 서랍 안에 있는 재활용품 중 종이 재질의 상자는 몇 개입니까?,1개,2개,3개,4개,a,b,b,b,a,b
dev_2534.jpg,dev/dev_2534.jpg,사진 속 상자 안에 있는 재활용품 중 종이팩은 몇 개입니까?,1개,2개,3개,4개,d,b,d,b,b,b
dev_2535.jpg,dev/dev_2535.jpg,사진에 보이는 재활용 가능한 플라스틱 용기의 개수는 몇 개인가요?,1개,2개,3개,4개,d,c,c,d,d,d
dev_2538.jpg,dev/dev_2538.jpg,사진에 보이는 캔의 개수는 몇 개인가요?,5개,6개,7개,8개,b,b,d,d,a,b
dev_2540.jpg,dev/dev_2540.jpg,사진에 보이는 재활용 가능한 플라스틱 용기의 개수는 몇 개인가요?,2개,3개,4개,5개,c,d,d,c,c,b
dev_2542.jpg,dev/dev_2542.jpg,사진에 보이는 캔 중에서 금색 캔은 몇 개입니까?,2개,3개,4개,5개,a,a,a,b,a,a
dev_2543.jpg,dev/dev_2543.jpg,사진 속 재활용 쓰레기통에 들어있는 음료수 캔은 몇 개입니까?,2개,3개,4개,5개,b,b,b,c,c,b
dev_2544.jpg,dev/dev_2544.jpg,사진에 보이는 재활용 가능한 페트병은 총 몇 개입니까?,3개,5개,7개,9개,c,b,c,d,b,c
dev_2545.jpg,dev/dev_2545.jpg,사진 속 재활용품 중 알루미늄 캔은 어디에 있나요?,손에 들린 비닐 포장재 뒤,책상 위 오른쪽 뒤,책상 위 왼쪽 뒤,책상 위 중앙,a,a,b,b,a,b
dev_2546.jpg,dev/dev_2546.jpg,사진에 보이는 재활용품 중 플라스틱 재질의 용기는 몇 개입니까?,1개,2개,3개,4개,c,c,a,a,a,a
dev_2548.jpg,dev/dev_2548.jpg,사진에 보이는 재활용품 중 금속 재질인 것은 무엇인가요?,텀블러,음료 캔,플라스틱 컵,빨대,b,a,b,b,a,b
dev_2549.jpg,dev/dev_2549.jpg,사진 속 책상 위에 있는 재활용 가능한 품목은 무엇인가요?,스니커즈 초콜릿 포장지,파란색 텀블러,에어팟 케이스,모니터 받침대,a,a,b,b,a,a
dev_2551.jpg,dev/dev_2551.jpg,사진에 보이는 재활용품의 재질은 무엇인가요?,플라스틱,종이,금속,유리,b,a,a,a,c,a
dev_2553.jpg,dev/dev_2553.jpg,사진에 보이는 재활용품 중 플라스틱 병과 캔의 개수는 각각 몇 개인가요?,"플라스틱 병 1개, 캔 1개","플라스틱 병 2개, 캔 1개","플라스틱 병 1개, 캔 2개","플라스틱 병 2개, 캔 2개",a,b,b,b,b,a
dev_2554.jpg,dev/dev_2554.jpg,책상 위에 있는 재활용 가능한 플라스틱 컵은 몇 개입니까?,1개,2개,3개,4개,b,d,d,d,c,d
dev_2555.jpg,dev/dev_2555.jpg,사진 속 재활용품으로 적절한 것은 무엇인가요?,플라스틱 뚜껑이 있는 종이컵,유리병,금속 캔,플라스틱 병,d,d,a,d,d,d
dev_2561.jpg,dev/dev_2561.jpg,사진에 보이는 재활용 가능한 플라스틱 컵은 몇 개입니까?,3개,5개,6개,7개,c,d,d,d,c,d
